,ID,target
0,2024-01-01 00:00:00,1
1,2024-01-01 01:00:00,1
2,2024-01-01 02:00:00,1
3,2024-01-01 03:00:00,2
4,2024-01-01 04:00:00,2
5,2024-01-01 05:00:00,2
6,2024-01-01 06:00:00,1
7,2024-01-01 07:00:00,1
8,2024-01-01 08:00:00,2
9,2024-01-01 09:00:00,1
10,2024-01-01 10:00:00,2
11,2024-01-01 11:00:00,1
12,2024-01-01 12:00:00,1
13,2024-01-01 13:00:00,1
14,2024-01-01 14:00:00,1
15,2024-01-01 15:00:00,1
16,2024-01-01 16:00:00,1
17,2024-01-01 17:00:00,2
18,2024-01-01 18:00:00,1
19,2024-01-01 19:00:00,1
20,2024-01-01 20:00:00,1
21,2024-01-01 21:00:00,2
22,2024-01-01 22:00:00,2
23,2024-01-01 23:00:00,1
24,2024-01-02 00:00:00,1
25,2024-01-02 01:00:00,2
26,2024-01-02 02:00:00,1
27,2024-01-02 03:00:00,1
28,2024-01-02 04:00:00,2
29,2024-01-02 05:00:00,1
30,2024-01-02 06:00:00,2
31,2024-01-02 07:00:00,1
32,2024-01-02 08:00:00,2
33,2024-01-02 09:00:00,2
34,2024-01-02 10:00:00,2
35,2024-01-02 11:00:00,2
36,2024-01-02 12:00:00,2
37,2024-01-02 13:00:00,2
38,2024-01-02 14:00:00,2
39,2024-01-02 15:00:00,2
40,2024-01-02 16:00:00,2
41,2024-01-02 17:00:00,2
42,2024-01-02 18:00:00,1
43,2024-01-02 19:00:00,2
44,2024-01-02 20:00:00,2
45,2024-01-02 21:00:00,1
46,2024-01-02 22:00:00,2
47,2024-01-02 23:00:00,1
48,2024-01-03 00:00:00,1
49,2024-01-03 01:00:00,1
50,2024-01-03 02:00:00,1
51,2024-01-03 03:00:00,1
52,2024-01-03 04:00:00,2
53,2024-01-03 05:00:00,1
54,2024-01-03 06:00:00,1
55,2024-01-03 07:00:00,2
56,2024-01-03 08:00:00,2
57,2024-01-03 09:00:00,1
58,2024-01-03 10:00:00,2
59,2024-01-03 11:00:00,2
60,2024-01-03 12:00:00,0
61,2024-01-03 13:00:00,2
62,2024-01-03 14:00:00,2
63,2024-01-03 15:00:00,1
64,2024-01-03 16:00:00,2
65,2024-01-03 17:00:00,2
66,2024-01-03 18:00:00,2
67,2024-01-03 19:00:00,2
68,2024-01-03 20:00:00,2
69,2024-01-03 21:00:00,2
70,2024-01-03 22:00:00,1
71,2024-01-03 23:00:00,2
72,2024-01-04 00:00:00,1
73,2024-01-04 01:00:00,2
74,2024-01-04 02:00:00,1
75,2024-01-04 03:00:00,1
76,2024-01-04 04:00:00,2
77,2024-01-04 05:00:00,1
78,2024-01-04 06:00:00,1
79,2024-01-04 07:00:00,2
80,2024-01-04 08:00:00,2
81,2024-01-04 09:00:00,1
82,2024-01-04 10:00:00,2
83,2024-01-04 11:00:00,1
84,2024-01-04 12:00:00,2
85,2024-01-04 13:00:00,1
86,2024-01-04 14:00:00,2
87,2024-01-04 15:00:00,1
88,2024-01-04 16:00:00,2
89,2024-01-04 17:00:00,2
90,2024-01-04 18:00:00,1
91,2024-01-04 19:00:00,2
92,2024-01-04 20:00:00,1
93,2024-01-04 21:00:00,1
94,2024-01-04 22:00:00,2
95,2024-01-04 23:00:00,2
96,2024-01-05 00:00:00,2
97,2024-01-05 01:00:00,2
98,2024-01-05 02:00:00,2
99,2024-01-05 03:00:00,2
100,2024-01-05 04:00:00,2
101,2024-01-05 05:00:00,1
102,2024-01-05 06:00:00,1
103,2024-01-05 07:00:00,1
104,2024-01-05 08:00:00,1
105,2024-01-05 09:00:00,1
106,2024-01-05 10:00:00,2
107,2024-01-05 11:00:00,2
108,2024-01-05 12:00:00,2
109,2024-01-05 13:00:00,2
110,2024-01-05 14:00:00,0
111,2024-01-05 15:00:00,2
112,2024-01-05 16:00:00,2
113,2024-01-05 17:00:00,2
114,2024-01-05 18:00:00,1
115,2024-01-05 19:00:00,1
116,2024-01-05 20:00:00,1
117,2024-01-05 21:00:00,2
118,2024-01-05 22:00:00,2
119,2024-01-05 23:00:00,1
120,2024-01-06 00:00:00,1
121,2024-01-06 01:00:00,2
122,2024-01-06 02:00:00,1
123,2024-01-06 03:00:00,1
124,2024-01-06 04:00:00,1
125,2024-01-06 05:00:00,2
126,2024-01-06 06:00:00,2
127,2024-01-06 07:00:00,2
128,2024-01-06 08:00:00,2
129,2024-01-06 09:00:00,2
130,2024-01-06 10:00:00,1
131,2024-01-06 11:00:00,2
132,2024-01-06 12:00:00,1
133,2024-01-06 13:00:00,1
134,2024-01-06 14:00:00,1
135,2024-01-06 15:00:00,1
136,2024-01-06 16:00:00,2
137,2024-01-06 17:00:00,1
138,2024-01-06 18:00:00,1
139,2024-01-06 19:00:00,2
140,2024-01-06 20:00:00,2
141,2024-01-06 21:00:00,2
142,2024-01-06 22:00:00,2
143,2024-01-06 23:00:00,2
144,2024-01-07 00:00:00,1
145,2024-01-07 01:00:00,2
146,2024-01-07 02:00:00,2
147,2024-01-07 03:00:00,2
148,2024-01-07 04:00:00,2
149,2024-01-07 05:00:00,2
150,2024-01-07 06:00:00,2
151,2024-01-07 07:00:00,2
152,2024-01-07 08:00:00,1
153,2024-01-07 09:00:00,1
154,2024-01-07 10:00:00,1
155,2024-01-07 11:00:00,1
156,2024-01-07 12:00:00,1
157,2024-01-07 13:00:00,1
158,2024-01-07 14:00:00,1
159,2024-01-07 15:00:00,2
160,2024-01-07 16:00:00,2
161,2024-01-07 17:00:00,2
162,2024-01-07 18:00:00,2
163,2024-01-07 19:00:00,1
164,2024-01-07 20:00:00,2
165,2024-01-07 21:00:00,1
166,2024-01-07 22:00:00,1
167,2024-01-07 23:00:00,2
168,2024-01-08 00:00:00,2
169,2024-01-08 01:00:00,2
170,2024-01-08 02:00:00,2
171,2024-01-08 03:00:00,2
172,2024-01-08 04:00:00,2
173,2024-01-08 05:00:00,1
174,2024-01-08 06:00:00,1
175,2024-01-08 07:00:00,1
176,2024-01-08 08:00:00,2
177,2024-01-08 09:00:00,2
178,2024-01-08 10:00:00,1
179,2024-01-08 11:00:00,1
180,2024-01-08 12:00:00,1
181,2024-01-08 13:00:00,2
182,2024-01-08 14:00:00,1
183,2024-01-08 15:00:00,1
184,2024-01-08 16:00:00,2
185,2024-01-08 17:00:00,1
186,2024-01-08 18:00:00,2
187,2024-01-08 19:00:00,1
188,2024-01-08 20:00:00,2
189,2024-01-08 21:00:00,1
190,2024-01-08 22:00:00,1
191,2024-01-08 23:00:00,2
192,2024-01-09 00:00:00,2
193,2024-01-09 01:00:00,2
194,2024-01-09 02:00:00,1
195,2024-01-09 03:00:00,1
196,2024-01-09 04:00:00,2
197,2024-01-09 05:00:00,2
198,2024-01-09 06:00:00,2
199,2024-01-09 07:00:00,1
200,2024-01-09 08:00:00,2
201,2024-01-09 09:00:00,2
202,2024-01-09 10:00:00,2
203,2024-01-09 11:00:00,2
204,2024-01-09 12:00:00,1
205,2024-01-09 13:00:00,1
206,2024-01-09 14:00:00,2
207,2024-01-09 15:00:00,1
208,2024-01-09 16:00:00,2
209,2024-01-09 17:00:00,2
210,2024-01-09 18:00:00,2
211,2024-01-09 19:00:00,1
212,2024-01-09 20:00:00,2
213,2024-01-09 21:00:00,2
214,2024-01-09 22:00:00,2
215,2024-01-09 23:00:00,2
216,2024-01-10 00:00:00,2
217,2024-01-10 01:00:00,1
218,2024-01-10 02:00:00,2
219,2024-01-10 03:00:00,1
220,2024-01-10 04:00:00,2
221,2024-01-10 05:00:00,2
222,2024-01-10 06:00:00,2
223,2024-01-10 07:00:00,1
224,2024-01-10 08:00:00,2
225,2024-01-10 09:00:00,2
226,2024-01-10 10:00:00,2
227,2024-01-10 11:00:00,2
228,2024-01-10 12:00:00,1
229,2024-01-10 13:00:00,2
230,2024-01-10 14:00:00,2
231,2024-01-10 15:00:00,1
232,2024-01-10 16:00:00,2
233,2024-01-10 17:00:00,1
234,2024-01-10 18:00:00,2
235,2024-01-10 19:00:00,2
236,2024-01-10 20:00:00,2
237,2024-01-10 21:00:00,1
238,2024-01-10 22:00:00,3
239,2024-01-10 23:00:00,2
240,2024-01-11 00:00:00,2
241,2024-01-11 01:00:00,2
242,2024-01-11 02:00:00,2
243,2024-01-11 03:00:00,2
244,2024-01-11 04:00:00,2
245,2024-01-11 05:00:00,2
246,2024-01-11 06:00:00,2
247,2024-01-11 07:00:00,2
248,2024-01-11 08:00:00,1
249,2024-01-11 09:00:00,2
250,2024-01-11 10:00:00,1
251,2024-01-11 11:00:00,1
252,2024-01-11 12:00:00,1
253,2024-01-11 13:00:00,1
254,2024-01-11 14:00:00,1
255,2024-01-11 15:00:00,1
256,2024-01-11 16:00:00,0
257,2024-01-11 17:00:00,1
258,2024-01-11 18:00:00,2
259,2024-01-11 19:00:00,2
260,2024-01-11 20:00:00,2
261,2024-01-11 21:00:00,2
262,2024-01-11 22:00:00,1
263,2024-01-11 23:00:00,1
264,2024-01-12 00:00:00,2
265,2024-01-12 01:00:00,2
266,2024-01-12 02:00:00,2
267,2024-01-12 03:00:00,2
268,2024-01-12 04:00:00,2
269,2024-01-12 05:00:00,1
270,2024-01-12 06:00:00,2
271,2024-01-12 07:00:00,2
272,2024-01-12 08:00:00,2
273,2024-01-12 09:00:00,2
274,2024-01-12 10:00:00,2
275,2024-01-12 11:00:00,2
276,2024-01-12 12:00:00,2
277,2024-01-12 13:00:00,2
278,2024-01-12 14:00:00,2
279,2024-01-12 15:00:00,2
280,2024-01-12 16:00:00,2
281,2024-01-12 17:00:00,2
282,2024-01-12 18:00:00,2
283,2024-01-12 19:00:00,2
284,2024-01-12 20:00:00,2
285,2024-01-12 21:00:00,2
286,2024-01-12 22:00:00,2
287,2024-01-12 23:00:00,2
288,2024-01-13 00:00:00,2
289,2024-01-13 01:00:00,2
290,2024-01-13 02:00:00,2
291,2024-01-13 03:00:00,2
292,2024-01-13 04:00:00,1
293,2024-01-13 05:00:00,1
294,2024-01-13 06:00:00,2
295,2024-01-13 07:00:00,1
296,2024-01-13 08:00:00,1
297,2024-01-13 09:00:00,2
298,2024-01-13 10:00:00,2
299,2024-01-13 11:00:00,2
300,2024-01-13 12:00:00,2
301,2024-01-13 13:00:00,2
302,2024-01-13 14:00:00,2
303,2024-01-13 15:00:00,2
304,2024-01-13 16:00:00,2
305,2024-01-13 17:00:00,2
306,2024-01-13 18:00:00,1
307,2024-01-13 19:00:00,2
308,2024-01-13 20:00:00,1
309,2024-01-13 21:00:00,1
310,2024-01-13 22:00:00,1
311,2024-01-13 23:00:00,2
312,2024-01-14 00:00:00,2
313,2024-01-14 01:00:00,2
314,2024-01-14 02:00:00,1
315,2024-01-14 03:00:00,2
316,2024-01-14 04:00:00,2
317,2024-01-14 05:00:00,1
318,2024-01-14 06:00:00,1
319,2024-01-14 07:00:00,1
320,2024-01-14 08:00:00,1
321,2024-01-14 09:00:00,1
322,2024-01-14 10:00:00,2
323,2024-01-14 11:00:00,2
324,2024-01-14 12:00:00,2
325,2024-01-14 13:00:00,1
326,2024-01-14 14:00:00,1
327,2024-01-14 15:00:00,2
328,2024-01-14 16:00:00,2
329,2024-01-14 17:00:00,1
330,2024-01-14 18:00:00,2
331,2024-01-14 19:00:00,2
332,2024-01-14 20:00:00,2
333,2024-01-14 21:00:00,2
334,2024-01-14 22:00:00,2
335,2024-01-14 23:00:00,2
336,2024-01-15 00:00:00,2
337,2024-01-15 01:00:00,1
338,2024-01-15 02:00:00,1
339,2024-01-15 03:00:00,1
340,2024-01-15 04:00:00,1
341,2024-01-15 05:00:00,1
342,2024-01-15 06:00:00,1
343,2024-01-15 07:00:00,2
344,2024-01-15 08:00:00,1
345,2024-01-15 09:00:00,1
346,2024-01-15 10:00:00,2
347,2024-01-15 11:00:00,1
348,2024-01-15 12:00:00,1
349,2024-01-15 13:00:00,1
350,2024-01-15 14:00:00,2
351,2024-01-15 15:00:00,2
352,2024-01-15 16:00:00,1
353,2024-01-15 17:00:00,1
354,2024-01-15 18:00:00,1
355,2024-01-15 19:00:00,2
356,2024-01-15 20:00:00,2
357,2024-01-15 21:00:00,2
358,2024-01-15 22:00:00,2
359,2024-01-15 23:00:00,1
360,2024-01-16 00:00:00,1
361,2024-01-16 01:00:00,1
362,2024-01-16 02:00:00,1
363,2024-01-16 03:00:00,1
364,2024-01-16 04:00:00,2
365,2024-01-16 05:00:00,2
366,2024-01-16 06:00:00,1
367,2024-01-16 07:00:00,1
368,2024-01-16 08:00:00,1
369,2024-01-16 09:00:00,1
370,2024-01-16 10:00:00,2
371,2024-01-16 11:00:00,2
372,2024-01-16 12:00:00,1
373,2024-01-16 13:00:00,2
374,2024-01-16 14:00:00,1
375,2024-01-16 15:00:00,1
376,2024-01-16 16:00:00,2
377,2024-01-16 17:00:00,2
378,2024-01-16 18:00:00,2
379,2024-01-16 19:00:00,2
380,2024-01-16 20:00:00,1
381,2024-01-16 21:00:00,2
382,2024-01-16 22:00:00,1
383,2024-01-16 23:00:00,2
384,2024-01-17 00:00:00,1
385,2024-01-17 01:00:00,2
386,2024-01-17 02:00:00,2
387,2024-01-17 03:00:00,2
388,2024-01-17 04:00:00,2
389,2024-01-17 05:00:00,2
390,2024-01-17 06:00:00,1
391,2024-01-17 07:00:00,2
392,2024-01-17 08:00:00,1
393,2024-01-17 09:00:00,1
394,2024-01-17 10:00:00,1
395,2024-01-17 11:00:00,2
396,2024-01-17 12:00:00,2
397,2024-01-17 13:00:00,2
398,2024-01-17 14:00:00,2
399,2024-01-17 15:00:00,2
400,2024-01-17 16:00:00,2
401,2024-01-17 17:00:00,2
402,2024-01-17 18:00:00,1
403,2024-01-17 19:00:00,1
404,2024-01-17 20:00:00,2
405,2024-01-17 21:00:00,1
406,2024-01-17 22:00:00,1
407,2024-01-17 23:00:00,1
408,2024-01-18 00:00:00,2
409,2024-01-18 01:00:00,1
410,2024-01-18 02:00:00,2
411,2024-01-18 03:00:00,2
412,2024-01-18 04:00:00,1
413,2024-01-18 05:00:00,1
414,2024-01-18 06:00:00,1
415,2024-01-18 07:00:00,1
416,2024-01-18 08:00:00,1
417,2024-01-18 09:00:00,2
418,2024-01-18 10:00:00,2
419,2024-01-18 11:00:00,2
420,2024-01-18 12:00:00,2
421,2024-01-18 13:00:00,1
422,2024-01-18 14:00:00,2
423,2024-01-18 15:00:00,2
424,2024-01-18 16:00:00,2
425,2024-01-18 17:00:00,2
426,2024-01-18 18:00:00,2
427,2024-01-18 19:00:00,2
428,2024-01-18 20:00:00,2
429,2024-01-18 21:00:00,2
430,2024-01-18 22:00:00,2
431,2024-01-18 23:00:00,2
432,2024-01-19 00:00:00,2
433,2024-01-19 01:00:00,1
434,2024-01-19 02:00:00,2
435,2024-01-19 03:00:00,2
436,2024-01-19 04:00:00,1
437,2024-01-19 05:00:00,1
438,2024-01-19 06:00:00,1
439,2024-01-19 07:00:00,2
440,2024-01-19 08:00:00,2
441,2024-01-19 09:00:00,1
442,2024-01-19 10:00:00,1
443,2024-01-19 11:00:00,2
444,2024-01-19 12:00:00,2
445,2024-01-19 13:00:00,1
446,2024-01-19 14:00:00,2
447,2024-01-19 15:00:00,2
448,2024-01-19 16:00:00,2
449,2024-01-19 17:00:00,2
450,2024-01-19 18:00:00,1
451,2024-01-19 19:00:00,2
452,2024-01-19 20:00:00,2
453,2024-01-19 21:00:00,1
454,2024-01-19 22:00:00,1
455,2024-01-19 23:00:00,1
456,2024-01-20 00:00:00,2
457,2024-01-20 01:00:00,1
458,2024-01-20 02:00:00,1
459,2024-01-20 03:00:00,2
460,2024-01-20 04:00:00,1
461,2024-01-20 05:00:00,1
462,2024-01-20 06:00:00,1
463,2024-01-20 07:00:00,2
464,2024-01-20 08:00:00,2
465,2024-01-20 09:00:00,1
466,2024-01-20 10:00:00,1
467,2024-01-20 11:00:00,1
468,2024-01-20 12:00:00,1
469,2024-01-20 13:00:00,2
470,2024-01-20 14:00:00,1
471,2024-01-20 15:00:00,1
472,2024-01-20 16:00:00,1
473,2024-01-20 17:00:00,2
474,2024-01-20 18:00:00,1
475,2024-01-20 19:00:00,1
476,2024-01-20 20:00:00,1
477,2024-01-20 21:00:00,2
478,2024-01-20 22:00:00,1
479,2024-01-20 23:00:00,2
480,2024-01-21 00:00:00,1
481,2024-01-21 01:00:00,2
482,2024-01-21 02:00:00,2
483,2024-01-21 03:00:00,1
484,2024-01-21 04:00:00,1
485,2024-01-21 05:00:00,1
486,2024-01-21 06:00:00,1
487,2024-01-21 07:00:00,2
488,2024-01-21 08:00:00,2
489,2024-01-21 09:00:00,1
490,2024-01-21 10:00:00,1
491,2024-01-21 11:00:00,2
492,2024-01-21 12:00:00,1
493,2024-01-21 13:00:00,1
494,2024-01-21 14:00:00,1
495,2024-01-21 15:00:00,1
496,2024-01-21 16:00:00,2
497,2024-01-21 17:00:00,1
498,2024-01-21 18:00:00,1
499,2024-01-21 19:00:00,2
500,2024-01-21 20:00:00,2
501,2024-01-21 21:00:00,2
502,2024-01-21 22:00:00,2
503,2024-01-21 23:00:00,2
504,2024-01-22 00:00:00,1
505,2024-01-22 01:00:00,2
506,2024-01-22 02:00:00,2
507,2024-01-22 03:00:00,2
508,2024-01-22 04:00:00,2
509,2024-01-22 05:00:00,1
510,2024-01-22 06:00:00,1
511,2024-01-22 07:00:00,2
512,2024-01-22 08:00:00,2
513,2024-01-22 09:00:00,2
514,2024-01-22 10:00:00,2
515,2024-01-22 11:00:00,1
516,2024-01-22 12:00:00,2
517,2024-01-22 13:00:00,2
518,2024-01-22 14:00:00,2
519,2024-01-22 15:00:00,1
520,2024-01-22 16:00:00,2
521,2024-01-22 17:00:00,2
522,2024-01-22 18:00:00,2
523,2024-01-22 19:00:00,2
524,2024-01-22 20:00:00,2
525,2024-01-22 21:00:00,2
526,2024-01-22 22:00:00,2
527,2024-01-22 23:00:00,2
528,2024-01-23 00:00:00,2
529,2024-01-23 01:00:00,2
530,2024-01-23 02:00:00,1
531,2024-01-23 03:00:00,1
532,2024-01-23 04:00:00,1
533,2024-01-23 05:00:00,1
534,2024-01-23 06:00:00,1
535,2024-01-23 07:00:00,2
536,2024-01-23 08:00:00,2
537,2024-01-23 09:00:00,2
538,2024-01-23 10:00:00,2
539,2024-01-23 11:00:00,2
540,2024-01-23 12:00:00,2
541,2024-01-23 13:00:00,2
542,2024-01-23 14:00:00,2
543,2024-01-23 15:00:00,1
544,2024-01-23 16:00:00,2
545,2024-01-23 17:00:00,1
546,2024-01-23 18:00:00,2
547,2024-01-23 19:00:00,2
548,2024-01-23 20:00:00,1
549,2024-01-23 21:00:00,2
550,2024-01-23 22:00:00,1
551,2024-01-23 23:00:00,1
552,2024-01-24 00:00:00,1
553,2024-01-24 01:00:00,2
554,2024-01-24 02:00:00,2
555,2024-01-24 03:00:00,2
556,2024-01-24 04:00:00,2
557,2024-01-24 05:00:00,1
558,2024-01-24 06:00:00,1
559,2024-01-24 07:00:00,1
560,2024-01-24 08:00:00,1
561,2024-01-24 09:00:00,2
562,2024-01-24 10:00:00,1
563,2024-01-24 11:00:00,2
564,2024-01-24 12:00:00,2
565,2024-01-24 13:00:00,2
566,2024-01-24 14:00:00,2
567,2024-01-24 15:00:00,1
568,2024-01-24 16:00:00,1
569,2024-01-24 17:00:00,2
570,2024-01-24 18:00:00,2
571,2024-01-24 19:00:00,2
572,2024-01-24 20:00:00,2
573,2024-01-24 21:00:00,2
574,2024-01-24 22:00:00,2
575,2024-01-24 23:00:00,1
576,2024-01-25 00:00:00,2
577,2024-01-25 01:00:00,2
578,2024-01-25 02:00:00,2
579,2024-01-25 03:00:00,1
580,2024-01-25 04:00:00,1
581,2024-01-25 05:00:00,1
582,2024-01-25 06:00:00,1
583,2024-01-25 07:00:00,1
584,2024-01-25 08:00:00,1
585,2024-01-25 09:00:00,2
586,2024-01-25 10:00:00,1
587,2024-01-25 11:00:00,1
588,2024-01-25 12:00:00,1
589,2024-01-25 13:00:00,2
590,2024-01-25 14:00:00,2
591,2024-01-25 15:00:00,2
592,2024-01-25 16:00:00,2
593,2024-01-25 17:00:00,2
594,2024-01-25 18:00:00,2
595,2024-01-25 19:00:00,1
596,2024-01-25 20:00:00,2
597,2024-01-25 21:00:00,1
598,2024-01-25 22:00:00,1
599,2024-01-25 23:00:00,2
600,2024-01-26 00:00:00,1
601,2024-01-26 01:00:00,2
602,2024-01-26 02:00:00,1
603,2024-01-26 03:00:00,1
604,2024-01-26 04:00:00,1
605,2024-01-26 05:00:00,2
606,2024-01-26 06:00:00,1
607,2024-01-26 07:00:00,1
608,2024-01-26 08:00:00,1
609,2024-01-26 09:00:00,2
610,2024-01-26 10:00:00,1
611,2024-01-26 11:00:00,1
612,2024-01-26 12:00:00,2
613,2024-01-26 13:00:00,2
614,2024-01-26 14:00:00,1
615,2024-01-26 15:00:00,2
616,2024-01-26 16:00:00,1
617,2024-01-26 17:00:00,2
618,2024-01-26 18:00:00,2
619,2024-01-26 19:00:00,2
620,2024-01-26 20:00:00,2
621,2024-01-26 21:00:00,1
622,2024-01-26 22:00:00,2
623,2024-01-26 23:00:00,2
624,2024-01-27 00:00:00,2
625,2024-01-27 01:00:00,2
626,2024-01-27 02:00:00,2
627,2024-01-27 03:00:00,2
628,2024-01-27 04:00:00,1
629,2024-01-27 05:00:00,1
630,2024-01-27 06:00:00,2
631,2024-01-27 07:00:00,1
632,2024-01-27 08:00:00,2
633,2024-01-27 09:00:00,2
634,2024-01-27 10:00:00,2
635,2024-01-27 11:00:00,2
636,2024-01-27 12:00:00,2
637,2024-01-27 13:00:00,1
638,2024-01-27 14:00:00,1
639,2024-01-27 15:00:00,1
640,2024-01-27 16:00:00,1
641,2024-01-27 17:00:00,2
642,2024-01-27 18:00:00,1
643,2024-01-27 19:00:00,1
644,2024-01-27 20:00:00,1
645,2024-01-27 21:00:00,1
646,2024-01-27 22:00:00,1
647,2024-01-27 23:00:00,1
648,2024-01-28 00:00:00,2
649,2024-01-28 01:00:00,1
650,2024-01-28 02:00:00,2
651,2024-01-28 03:00:00,2
652,2024-01-28 04:00:00,1
653,2024-01-28 05:00:00,2
654,2024-01-28 06:00:00,2
655,2024-01-28 07:00:00,1
656,2024-01-28 08:00:00,1
657,2024-01-28 09:00:00,1
658,2024-01-28 10:00:00,2
659,2024-01-28 11:00:00,2
660,2024-01-28 12:00:00,1
661,2024-01-28 13:00:00,2
662,2024-01-28 14:00:00,2
663,2024-01-28 15:00:00,1
664,2024-01-28 16:00:00,1
665,2024-01-28 17:00:00,2
666,2024-01-28 18:00:00,2
667,2024-01-28 19:00:00,2
668,2024-01-28 20:00:00,1
669,2024-01-28 21:00:00,1
670,2024-01-28 22:00:00,2
671,2024-01-28 23:00:00,1
672,2024-01-29 00:00:00,1
673,2024-01-29 01:00:00,1
674,2024-01-29 02:00:00,1
675,2024-01-29 03:00:00,1
676,2024-01-29 04:00:00,2
677,2024-01-29 05:00:00,1
678,2024-01-29 06:00:00,1
679,2024-01-29 07:00:00,2
680,2024-01-29 08:00:00,2
681,2024-01-29 09:00:00,1
682,2024-01-29 10:00:00,2
683,2024-01-29 11:00:00,2
684,2024-01-29 12:00:00,2
685,2024-01-29 13:00:00,2
686,2024-01-29 14:00:00,2
687,2024-01-29 15:00:00,1
688,2024-01-29 16:00:00,1
689,2024-01-29 17:00:00,2
690,2024-01-29 18:00:00,2
691,2024-01-29 19:00:00,2
692,2024-01-29 20:00:00,1
693,2024-01-29 21:00:00,1
694,2024-01-29 22:00:00,1
695,2024-01-29 23:00:00,1
696,2024-01-30 00:00:00,1
697,2024-01-30 01:00:00,1
698,2024-01-30 02:00:00,1
699,2024-01-30 03:00:00,2
700,2024-01-30 04:00:00,2
701,2024-01-30 05:00:00,1
702,2024-01-30 06:00:00,2
703,2024-01-30 07:00:00,2
704,2024-01-30 08:00:00,1
705,2024-01-30 09:00:00,1
706,2024-01-30 10:00:00,2
707,2024-01-30 11:00:00,1
708,2024-01-30 12:00:00,1
709,2024-01-30 13:00:00,2
710,2024-01-30 14:00:00,1
711,2024-01-30 15:00:00,2
712,2024-01-30 16:00:00,2
713,2024-01-30 17:00:00,1
714,2024-01-30 18:00:00,2
715,2024-01-30 19:00:00,2
716,2024-01-30 20:00:00,1
717,2024-01-30 21:00:00,1
718,2024-01-30 22:00:00,1
719,2024-01-30 23:00:00,2
720,2024-01-31 00:00:00,2
721,2024-01-31 01:00:00,1
722,2024-01-31 02:00:00,1
723,2024-01-31 03:00:00,1
724,2024-01-31 04:00:00,1
725,2024-01-31 05:00:00,1
726,2024-01-31 06:00:00,1
727,2024-01-31 07:00:00,1
728,2024-01-31 08:00:00,1
729,2024-01-31 09:00:00,2
730,2024-01-31 10:00:00,2
731,2024-01-31 11:00:00,1
732,2024-01-31 12:00:00,2
733,2024-01-31 13:00:00,1
734,2024-01-31 14:00:00,2
735,2024-01-31 15:00:00,1
736,2024-01-31 16:00:00,2
737,2024-01-31 17:00:00,1
738,2024-01-31 18:00:00,2
739,2024-01-31 19:00:00,2
740,2024-01-31 20:00:00,2
741,2024-01-31 21:00:00,2
742,2024-01-31 22:00:00,1
743,2024-01-31 23:00:00,2
744,2024-02-01 00:00:00,2
745,2024-02-01 01:00:00,2
746,2024-02-01 02:00:00,2
747,2024-02-01 03:00:00,2
748,2024-02-01 04:00:00,2
749,2024-02-01 05:00:00,1
750,2024-02-01 06:00:00,1
751,2024-02-01 07:00:00,1
752,2024-02-01 08:00:00,1
753,2024-02-01 09:00:00,1
754,2024-02-01 10:00:00,1
755,2024-02-01 11:00:00,2
756,2024-02-01 12:00:00,2
757,2024-02-01 13:00:00,2
758,2024-02-01 14:00:00,1
759,2024-02-01 15:00:00,2
760,2024-02-01 16:00:00,2
761,2024-02-01 17:00:00,1
762,2024-02-01 18:00:00,1
763,2024-02-01 19:00:00,1
764,2024-02-01 20:00:00,1
765,2024-02-01 21:00:00,2
766,2024-02-01 22:00:00,2
767,2024-02-01 23:00:00,1
768,2024-02-02 00:00:00,1
769,2024-02-02 01:00:00,1
770,2024-02-02 02:00:00,2
771,2024-02-02 03:00:00,1
772,2024-02-02 04:00:00,1
773,2024-02-02 05:00:00,1
774,2024-02-02 06:00:00,2
775,2024-02-02 07:00:00,1
776,2024-02-02 08:00:00,2
777,2024-02-02 09:00:00,1
778,2024-02-02 10:00:00,1
779,2024-02-02 11:00:00,1
780,2024-02-02 12:00:00,2
781,2024-02-02 13:00:00,2
782,2024-02-02 14:00:00,2
783,2024-02-02 15:00:00,1
784,2024-02-02 16:00:00,2
785,2024-02-02 17:00:00,2
786,2024-02-02 18:00:00,1
787,2024-02-02 19:00:00,1
788,2024-02-02 20:00:00,2
789,2024-02-02 21:00:00,1
790,2024-02-02 22:00:00,1
791,2024-02-02 23:00:00,1
792,2024-02-03 00:00:00,2
793,2024-02-03 01:00:00,1
794,2024-02-03 02:00:00,2
795,2024-02-03 03:00:00,1
796,2024-02-03 04:00:00,1
797,2024-02-03 05:00:00,1
798,2024-02-03 06:00:00,1
799,2024-02-03 07:00:00,2
800,2024-02-03 08:00:00,2
801,2024-02-03 09:00:00,1
802,2024-02-03 10:00:00,1
803,2024-02-03 11:00:00,2
804,2024-02-03 12:00:00,1
805,2024-02-03 13:00:00,1
806,2024-02-03 14:00:00,1
807,2024-02-03 15:00:00,1
808,2024-02-03 16:00:00,1
809,2024-02-03 17:00:00,1
810,2024-02-03 18:00:00,1
811,2024-02-03 19:00:00,2
812,2024-02-03 20:00:00,1
813,2024-02-03 21:00:00,1
814,2024-02-03 22:00:00,2
815,2024-02-03 23:00:00,2
816,2024-02-04 00:00:00,1
817,2024-02-04 01:00:00,2
818,2024-02-04 02:00:00,2
819,2024-02-04 03:00:00,2
820,2024-02-04 04:00:00,1
821,2024-02-04 05:00:00,2
822,2024-02-04 06:00:00,1
823,2024-02-04 07:00:00,2
824,2024-02-04 08:00:00,2
825,2024-02-04 09:00:00,1
826,2024-02-04 10:00:00,2
827,2024-02-04 11:00:00,1
828,2024-02-04 12:00:00,1
829,2024-02-04 13:00:00,1
830,2024-02-04 14:00:00,1
831,2024-02-04 15:00:00,1
832,2024-02-04 16:00:00,2
833,2024-02-04 17:00:00,2
834,2024-02-04 18:00:00,2
835,2024-02-04 19:00:00,2
836,2024-02-04 20:00:00,2
837,2024-02-04 21:00:00,2
838,2024-02-04 22:00:00,2
839,2024-02-04 23:00:00,2
840,2024-02-05 00:00:00,2
841,2024-02-05 01:00:00,1
842,2024-02-05 02:00:00,2
843,2024-02-05 03:00:00,1
844,2024-02-05 04:00:00,1
845,2024-02-05 05:00:00,2
846,2024-02-05 06:00:00,1
847,2024-02-05 07:00:00,1
848,2024-02-05 08:00:00,1
849,2024-02-05 09:00:00,2
850,2024-02-05 10:00:00,1
851,2024-02-05 11:00:00,1
852,2024-02-05 12:00:00,2
853,2024-02-05 13:00:00,1
854,2024-02-05 14:00:00,2
855,2024-02-05 15:00:00,2
856,2024-02-05 16:00:00,2
857,2024-02-05 17:00:00,1
858,2024-02-05 18:00:00,2
859,2024-02-05 19:00:00,1
860,2024-02-05 20:00:00,2
861,2024-02-05 21:00:00,2
862,2024-02-05 22:00:00,2
863,2024-02-05 23:00:00,1
864,2024-02-06 00:00:00,2
865,2024-02-06 01:00:00,1
866,2024-02-06 02:00:00,1
867,2024-02-06 03:00:00,1
868,2024-02-06 04:00:00,1
869,2024-02-06 05:00:00,1
870,2024-02-06 06:00:00,2
871,2024-02-06 07:00:00,1
872,2024-02-06 08:00:00,1
873,2024-02-06 09:00:00,2
874,2024-02-06 10:00:00,2
875,2024-02-06 11:00:00,1
876,2024-02-06 12:00:00,2
877,2024-02-06 13:00:00,2
878,2024-02-06 14:00:00,1
879,2024-02-06 15:00:00,1
880,2024-02-06 16:00:00,2
881,2024-02-06 17:00:00,2
882,2024-02-06 18:00:00,2
883,2024-02-06 19:00:00,2
884,2024-02-06 20:00:00,1
885,2024-02-06 21:00:00,1
886,2024-02-06 22:00:00,1
887,2024-02-06 23:00:00,2
888,2024-02-07 00:00:00,1
889,2024-02-07 01:00:00,2
890,2024-02-07 02:00:00,2
891,2024-02-07 03:00:00,2
892,2024-02-07 04:00:00,2
893,2024-02-07 05:00:00,2
894,2024-02-07 06:00:00,2
895,2024-02-07 07:00:00,2
896,2024-02-07 08:00:00,1
897,2024-02-07 09:00:00,1
898,2024-02-07 10:00:00,1
899,2024-02-07 11:00:00,1
900,2024-02-07 12:00:00,1
901,2024-02-07 13:00:00,1
902,2024-02-07 14:00:00,2
903,2024-02-07 15:00:00,1
904,2024-02-07 16:00:00,1
905,2024-02-07 17:00:00,1
906,2024-02-07 18:00:00,2
907,2024-02-07 19:00:00,1
908,2024-02-07 20:00:00,1
909,2024-02-07 21:00:00,2
910,2024-02-07 22:00:00,1
911,2024-02-07 23:00:00,2
912,2024-02-08 00:00:00,1
913,2024-02-08 01:00:00,2
914,2024-02-08 02:00:00,1
915,2024-02-08 03:00:00,2
916,2024-02-08 04:00:00,2
917,2024-02-08 05:00:00,2
918,2024-02-08 06:00:00,2
919,2024-02-08 07:00:00,2
920,2024-02-08 08:00:00,1
921,2024-02-08 09:00:00,1
922,2024-02-08 10:00:00,1
923,2024-02-08 11:00:00,1
924,2024-02-08 12:00:00,1
925,2024-02-08 13:00:00,1
926,2024-02-08 14:00:00,2
927,2024-02-08 15:00:00,1
928,2024-02-08 16:00:00,2
929,2024-02-08 17:00:00,1
930,2024-02-08 18:00:00,1
931,2024-02-08 19:00:00,1
932,2024-02-08 20:00:00,1
933,2024-02-08 21:00:00,2
934,2024-02-08 22:00:00,2
935,2024-02-08 23:00:00,1
936,2024-02-09 00:00:00,1
937,2024-02-09 01:00:00,1
938,2024-02-09 02:00:00,1
939,2024-02-09 03:00:00,2
940,2024-02-09 04:00:00,2
941,2024-02-09 05:00:00,1
942,2024-02-09 06:00:00,1
943,2024-02-09 07:00:00,1
944,2024-02-09 08:00:00,1
945,2024-02-09 09:00:00,2
946,2024-02-09 10:00:00,1
947,2024-02-09 11:00:00,1
948,2024-02-09 12:00:00,3
949,2024-02-09 13:00:00,2
950,2024-02-09 14:00:00,2
951,2024-02-09 15:00:00,2
952,2024-02-09 16:00:00,2
953,2024-02-09 17:00:00,2
954,2024-02-09 18:00:00,1
955,2024-02-09 19:00:00,2
956,2024-02-09 20:00:00,2
957,2024-02-09 21:00:00,2
958,2024-02-09 22:00:00,2
959,2024-02-09 23:00:00,2
960,2024-02-10 00:00:00,2
961,2024-02-10 01:00:00,1
962,2024-02-10 02:00:00,1
963,2024-02-10 03:00:00,1
964,2024-02-10 04:00:00,2
965,2024-02-10 05:00:00,1
966,2024-02-10 06:00:00,2
967,2024-02-10 07:00:00,2
968,2024-02-10 08:00:00,2
969,2024-02-10 09:00:00,2
970,2024-02-10 10:00:00,2
971,2024-02-10 11:00:00,1
972,2024-02-10 12:00:00,2
973,2024-02-10 13:00:00,1
974,2024-02-10 14:00:00,2
975,2024-02-10 15:00:00,1
976,2024-02-10 16:00:00,1
977,2024-02-10 17:00:00,2
978,2024-02-10 18:00:00,1
979,2024-02-10 19:00:00,1
980,2024-02-10 20:00:00,1
981,2024-02-10 21:00:00,2
982,2024-02-10 22:00:00,2
983,2024-02-10 23:00:00,2
984,2024-02-11 00:00:00,2
985,2024-02-11 01:00:00,2
986,2024-02-11 02:00:00,2
987,2024-02-11 03:00:00,1
988,2024-02-11 04:00:00,2
989,2024-02-11 05:00:00,2
990,2024-02-11 06:00:00,2
991,2024-02-11 07:00:00,2
992,2024-02-11 08:00:00,2
993,2024-02-11 09:00:00,1
994,2024-02-11 10:00:00,2
995,2024-02-11 11:00:00,1
996,2024-02-11 12:00:00,1
997,2024-02-11 13:00:00,2
998,2024-02-11 14:00:00,2
999,2024-02-11 15:00:00,2
1000,2024-02-11 16:00:00,2
1001,2024-02-11 17:00:00,1
1002,2024-02-11 18:00:00,2
1003,2024-02-11 19:00:00,1
1004,2024-02-11 20:00:00,2
1005,2024-02-11 21:00:00,1
1006,2024-02-11 22:00:00,2
1007,2024-02-11 23:00:00,2
1008,2024-02-12 00:00:00,1
1009,2024-02-12 01:00:00,2
1010,2024-02-12 02:00:00,2
1011,2024-02-12 03:00:00,2
1012,2024-02-12 04:00:00,2
1013,2024-02-12 05:00:00,1
1014,2024-02-12 06:00:00,2
1015,2024-02-12 07:00:00,2
1016,2024-02-12 08:00:00,2
1017,2024-02-12 09:00:00,2
1018,2024-02-12 10:00:00,2
1019,2024-02-12 11:00:00,2
1020,2024-02-12 12:00:00,1
1021,2024-02-12 13:00:00,1
1022,2024-02-12 14:00:00,1
1023,2024-02-12 15:00:00,1
1024,2024-02-12 16:00:00,1
1025,2024-02-12 17:00:00,1
1026,2024-02-12 18:00:00,2
1027,2024-02-12 19:00:00,2
1028,2024-02-12 20:00:00,2
1029,2024-02-12 21:00:00,2
1030,2024-02-12 22:00:00,2
1031,2024-02-12 23:00:00,1
1032,2024-02-13 00:00:00,1
1033,2024-02-13 01:00:00,2
1034,2024-02-13 02:00:00,2
1035,2024-02-13 03:00:00,2
1036,2024-02-13 04:00:00,2
1037,2024-02-13 05:00:00,1
1038,2024-02-13 06:00:00,2
1039,2024-02-13 07:00:00,2
1040,2024-02-13 08:00:00,1
1041,2024-02-13 09:00:00,1
1042,2024-02-13 10:00:00,2
1043,2024-02-13 11:00:00,0
1044,2024-02-13 12:00:00,2
1045,2024-02-13 13:00:00,2
1046,2024-02-13 14:00:00,2
1047,2024-02-13 15:00:00,2
1048,2024-02-13 16:00:00,2
1049,2024-02-13 17:00:00,2
1050,2024-02-13 18:00:00,1
1051,2024-02-13 19:00:00,2
1052,2024-02-13 20:00:00,1
1053,2024-02-13 21:00:00,1
1054,2024-02-13 22:00:00,2
1055,2024-02-13 23:00:00,1
1056,2024-02-14 00:00:00,2
1057,2024-02-14 01:00:00,2
1058,2024-02-14 02:00:00,1
1059,2024-02-14 03:00:00,2
1060,2024-02-14 04:00:00,2
1061,2024-02-14 05:00:00,2
1062,2024-02-14 06:00:00,1
1063,2024-02-14 07:00:00,1
1064,2024-02-14 08:00:00,1
1065,2024-02-14 09:00:00,1
1066,2024-02-14 10:00:00,2
1067,2024-02-14 11:00:00,1
1068,2024-02-14 12:00:00,1
1069,2024-02-14 13:00:00,2
1070,2024-02-14 14:00:00,1
1071,2024-02-14 15:00:00,2
1072,2024-02-14 16:00:00,2
1073,2024-02-14 17:00:00,2
1074,2024-02-14 18:00:00,2
1075,2024-02-14 19:00:00,1
1076,2024-02-14 20:00:00,2
1077,2024-02-14 21:00:00,1
1078,2024-02-14 22:00:00,2
1079,2024-02-14 23:00:00,1
1080,2024-02-15 00:00:00,1
1081,2024-02-15 01:00:00,2
1082,2024-02-15 02:00:00,2
1083,2024-02-15 03:00:00,1
1084,2024-02-15 04:00:00,2
1085,2024-02-15 05:00:00,2
1086,2024-02-15 06:00:00,1
1087,2024-02-15 07:00:00,2
1088,2024-02-15 08:00:00,1
1089,2024-02-15 09:00:00,1
1090,2024-02-15 10:00:00,2
1091,2024-02-15 11:00:00,2
1092,2024-02-15 12:00:00,2
1093,2024-02-15 13:00:00,2
1094,2024-02-15 14:00:00,1
1095,2024-02-15 15:00:00,2
1096,2024-02-15 16:00:00,2
1097,2024-02-15 17:00:00,2
1098,2024-02-15 18:00:00,2
1099,2024-02-15 19:00:00,2
1100,2024-02-15 20:00:00,2
1101,2024-02-15 21:00:00,2
1102,2024-02-15 22:00:00,2
1103,2024-02-15 23:00:00,1
1104,2024-02-16 00:00:00,2
1105,2024-02-16 01:00:00,1
1106,2024-02-16 02:00:00,1
1107,2024-02-16 03:00:00,1
1108,2024-02-16 04:00:00,1
1109,2024-02-16 05:00:00,2
1110,2024-02-16 06:00:00,2
1111,2024-02-16 07:00:00,2
1112,2024-02-16 08:00:00,1
1113,2024-02-16 09:00:00,1
1114,2024-02-16 10:00:00,1
1115,2024-02-16 11:00:00,2
1116,2024-02-16 12:00:00,2
1117,2024-02-16 13:00:00,2
1118,2024-02-16 14:00:00,2
1119,2024-02-16 15:00:00,2
1120,2024-02-16 16:00:00,2
1121,2024-02-16 17:00:00,2
1122,2024-02-16 18:00:00,2
1123,2024-02-16 19:00:00,2
1124,2024-02-16 20:00:00,2
1125,2024-02-16 21:00:00,1
1126,2024-02-16 22:00:00,1
1127,2024-02-16 23:00:00,1
1128,2024-02-17 00:00:00,1
1129,2024-02-17 01:00:00,2
1130,2024-02-17 02:00:00,2
1131,2024-02-17 03:00:00,1
1132,2024-02-17 04:00:00,1
1133,2024-02-17 05:00:00,2
1134,2024-02-17 06:00:00,2
1135,2024-02-17 07:00:00,1
1136,2024-02-17 08:00:00,2
1137,2024-02-17 09:00:00,2
1138,2024-02-17 10:00:00,2
1139,2024-02-17 11:00:00,2
1140,2024-02-17 12:00:00,2
1141,2024-02-17 13:00:00,2
1142,2024-02-17 14:00:00,2
1143,2024-02-17 15:00:00,2
1144,2024-02-17 16:00:00,2
1145,2024-02-17 17:00:00,1
1146,2024-02-17 18:00:00,1
1147,2024-02-17 19:00:00,2
1148,2024-02-17 20:00:00,1
1149,2024-02-17 21:00:00,1
1150,2024-02-17 22:00:00,1
1151,2024-02-17 23:00:00,2
1152,2024-02-18 00:00:00,1
1153,2024-02-18 01:00:00,2
1154,2024-02-18 02:00:00,2
1155,2024-02-18 03:00:00,2
1156,2024-02-18 04:00:00,1
1157,2024-02-18 05:00:00,2
1158,2024-02-18 06:00:00,2
1159,2024-02-18 07:00:00,1
1160,2024-02-18 08:00:00,2
1161,2024-02-18 09:00:00,1
1162,2024-02-18 10:00:00,2
1163,2024-02-18 11:00:00,1
1164,2024-02-18 12:00:00,2
1165,2024-02-18 13:00:00,1
1166,2024-02-18 14:00:00,1
1167,2024-02-18 15:00:00,1
1168,2024-02-18 16:00:00,2
1169,2024-02-18 17:00:00,1
1170,2024-02-18 18:00:00,2
1171,2024-02-18 19:00:00,1
1172,2024-02-18 20:00:00,2
1173,2024-02-18 21:00:00,1
1174,2024-02-18 22:00:00,1
1175,2024-02-18 23:00:00,2
1176,2024-02-19 00:00:00,2
1177,2024-02-19 01:00:00,1
1178,2024-02-19 02:00:00,1
1179,2024-02-19 03:00:00,1
1180,2024-02-19 04:00:00,2
1181,2024-02-19 05:00:00,1
1182,2024-02-19 06:00:00,1
1183,2024-02-19 07:00:00,1
1184,2024-02-19 08:00:00,2
1185,2024-02-19 09:00:00,2
1186,2024-02-19 10:00:00,2
1187,2024-02-19 11:00:00,2
1188,2024-02-19 12:00:00,2
1189,2024-02-19 13:00:00,2
1190,2024-02-19 14:00:00,2
1191,2024-02-19 15:00:00,2
1192,2024-02-19 16:00:00,2
1193,2024-02-19 17:00:00,2
1194,2024-02-19 18:00:00,2
1195,2024-02-19 19:00:00,2
1196,2024-02-19 20:00:00,1
1197,2024-02-19 21:00:00,1
1198,2024-02-19 22:00:00,1
1199,2024-02-19 23:00:00,2
1200,2024-02-20 00:00:00,2
1201,2024-02-20 01:00:00,2
1202,2024-02-20 02:00:00,1
1203,2024-02-20 03:00:00,2
1204,2024-02-20 04:00:00,2
1205,2024-02-20 05:00:00,1
1206,2024-02-20 06:00:00,2
1207,2024-02-20 07:00:00,2
1208,2024-02-20 08:00:00,1
1209,2024-02-20 09:00:00,2
1210,2024-02-20 10:00:00,2
1211,2024-02-20 11:00:00,2
1212,2024-02-20 12:00:00,2
1213,2024-02-20 13:00:00,1
1214,2024-02-20 14:00:00,2
1215,2024-02-20 15:00:00,2
1216,2024-02-20 16:00:00,2
1217,2024-02-20 17:00:00,1
1218,2024-02-20 18:00:00,2
1219,2024-02-20 19:00:00,1
1220,2024-02-20 20:00:00,2
1221,2024-02-20 21:00:00,2
1222,2024-02-20 22:00:00,1
1223,2024-02-20 23:00:00,1
1224,2024-02-21 00:00:00,2
1225,2024-02-21 01:00:00,2
1226,2024-02-21 02:00:00,2
1227,2024-02-21 03:00:00,2
1228,2024-02-21 04:00:00,2
1229,2024-02-21 05:00:00,2
1230,2024-02-21 06:00:00,2
1231,2024-02-21 07:00:00,2
1232,2024-02-21 08:00:00,2
1233,2024-02-21 09:00:00,2
1234,2024-02-21 10:00:00,2
1235,2024-02-21 11:00:00,2
1236,2024-02-21 12:00:00,2
1237,2024-02-21 13:00:00,1
1238,2024-02-21 14:00:00,2
1239,2024-02-21 15:00:00,2
1240,2024-02-21 16:00:00,1
1241,2024-02-21 17:00:00,2
1242,2024-02-21 18:00:00,2
1243,2024-02-21 19:00:00,2
1244,2024-02-21 20:00:00,2
1245,2024-02-21 21:00:00,1
1246,2024-02-21 22:00:00,1
1247,2024-02-21 23:00:00,1
1248,2024-02-22 00:00:00,2
1249,2024-02-22 01:00:00,2
1250,2024-02-22 02:00:00,1
1251,2024-02-22 03:00:00,1
1252,2024-02-22 04:00:00,2
1253,2024-02-22 05:00:00,1
1254,2024-02-22 06:00:00,1
1255,2024-02-22 07:00:00,1
1256,2024-02-22 08:00:00,2
1257,2024-02-22 09:00:00,2
1258,2024-02-22 10:00:00,2
1259,2024-02-22 11:00:00,2
1260,2024-02-22 12:00:00,1
1261,2024-02-22 13:00:00,2
1262,2024-02-22 14:00:00,1
1263,2024-02-22 15:00:00,1
1264,2024-02-22 16:00:00,2
1265,2024-02-22 17:00:00,2
1266,2024-02-22 18:00:00,2
1267,2024-02-22 19:00:00,2
1268,2024-02-22 20:00:00,1
1269,2024-02-22 21:00:00,2
1270,2024-02-22 22:00:00,2
1271,2024-02-22 23:00:00,2
1272,2024-02-23 00:00:00,1
1273,2024-02-23 01:00:00,1
1274,2024-02-23 02:00:00,2
1275,2024-02-23 03:00:00,2
1276,2024-02-23 04:00:00,2
1277,2024-02-23 05:00:00,2
1278,2024-02-23 06:00:00,2
1279,2024-02-23 07:00:00,2
1280,2024-02-23 08:00:00,2
1281,2024-02-23 09:00:00,1
1282,2024-02-23 10:00:00,1
1283,2024-02-23 11:00:00,1
1284,2024-02-23 12:00:00,2
1285,2024-02-23 13:00:00,2
1286,2024-02-23 14:00:00,1
1287,2024-02-23 15:00:00,1
1288,2024-02-23 16:00:00,2
1289,2024-02-23 17:00:00,1
1290,2024-02-23 18:00:00,2
1291,2024-02-23 19:00:00,2
1292,2024-02-23 20:00:00,2
1293,2024-02-23 21:00:00,2
1294,2024-02-23 22:00:00,2
1295,2024-02-23 23:00:00,2
1296,2024-02-24 00:00:00,2
1297,2024-02-24 01:00:00,1
1298,2024-02-24 02:00:00,2
1299,2024-02-24 03:00:00,2
1300,2024-02-24 04:00:00,2
1301,2024-02-24 05:00:00,1
1302,2024-02-24 06:00:00,1
1303,2024-02-24 07:00:00,1
1304,2024-02-24 08:00:00,1
1305,2024-02-24 09:00:00,1
1306,2024-02-24 10:00:00,1
1307,2024-02-24 11:00:00,2
1308,2024-02-24 12:00:00,1
1309,2024-02-24 13:00:00,1
1310,2024-02-24 14:00:00,2
1311,2024-02-24 15:00:00,1
1312,2024-02-24 16:00:00,1
1313,2024-02-24 17:00:00,1
1314,2024-02-24 18:00:00,2
1315,2024-02-24 19:00:00,2
1316,2024-02-24 20:00:00,2
1317,2024-02-24 21:00:00,1
1318,2024-02-24 22:00:00,1
1319,2024-02-24 23:00:00,1
1320,2024-02-25 00:00:00,2
1321,2024-02-25 01:00:00,1
1322,2024-02-25 02:00:00,2
1323,2024-02-25 03:00:00,1
1324,2024-02-25 04:00:00,2
1325,2024-02-25 05:00:00,1
1326,2024-02-25 06:00:00,2
1327,2024-02-25 07:00:00,2
1328,2024-02-25 08:00:00,1
1329,2024-02-25 09:00:00,2
1330,2024-02-25 10:00:00,2
1331,2024-02-25 11:00:00,2
1332,2024-02-25 12:00:00,2
1333,2024-02-25 13:00:00,2
1334,2024-02-25 14:00:00,1
1335,2024-02-25 15:00:00,2
1336,2024-02-25 16:00:00,2
1337,2024-02-25 17:00:00,1
1338,2024-02-25 18:00:00,2
1339,2024-02-25 19:00:00,1
1340,2024-02-25 20:00:00,1
1341,2024-02-25 21:00:00,2
1342,2024-02-25 22:00:00,1
1343,2024-02-25 23:00:00,1
1344,2024-02-26 00:00:00,2
1345,2024-02-26 01:00:00,2
1346,2024-02-26 02:00:00,2
1347,2024-02-26 03:00:00,1
1348,2024-02-26 04:00:00,2
1349,2024-02-26 05:00:00,2
1350,2024-02-26 06:00:00,2
1351,2024-02-26 07:00:00,1
1352,2024-02-26 08:00:00,2
1353,2024-02-26 09:00:00,2
1354,2024-02-26 10:00:00,2
1355,2024-02-26 11:00:00,2
1356,2024-02-26 12:00:00,2
1357,2024-02-26 13:00:00,1
1358,2024-02-26 14:00:00,2
1359,2024-02-26 15:00:00,1
1360,2024-02-26 16:00:00,1
1361,2024-02-26 17:00:00,1
1362,2024-02-26 18:00:00,1
1363,2024-02-26 19:00:00,2
1364,2024-02-26 20:00:00,1
1365,2024-02-26 21:00:00,2
1366,2024-02-26 22:00:00,2
1367,2024-02-26 23:00:00,2
1368,2024-02-27 00:00:00,2
1369,2024-02-27 01:00:00,1
1370,2024-02-27 02:00:00,2
1371,2024-02-27 03:00:00,2
1372,2024-02-27 04:00:00,2
1373,2024-02-27 05:00:00,1
1374,2024-02-27 06:00:00,2
1375,2024-02-27 07:00:00,2
1376,2024-02-27 08:00:00,2
1377,2024-02-27 09:00:00,1
1378,2024-02-27 10:00:00,2
1379,2024-02-27 11:00:00,2
1380,2024-02-27 12:00:00,1
1381,2024-02-27 13:00:00,2
1382,2024-02-27 14:00:00,2
1383,2024-02-27 15:00:00,3
1384,2024-02-27 16:00:00,2
1385,2024-02-27 17:00:00,2
1386,2024-02-27 18:00:00,1
1387,2024-02-27 19:00:00,2
1388,2024-02-27 20:00:00,2
1389,2024-02-27 21:00:00,2
1390,2024-02-27 22:00:00,1
1391,2024-02-27 23:00:00,1
1392,2024-02-28 00:00:00,1
1393,2024-02-28 01:00:00,2
1394,2024-02-28 02:00:00,2
1395,2024-02-28 03:00:00,2
1396,2024-02-28 04:00:00,1
1397,2024-02-28 05:00:00,2
1398,2024-02-28 06:00:00,1
1399,2024-02-28 07:00:00,1
1400,2024-02-28 08:00:00,1
1401,2024-02-28 09:00:00,2
1402,2024-02-28 10:00:00,2
1403,2024-02-28 11:00:00,2
1404,2024-02-28 12:00:00,3
1405,2024-02-28 13:00:00,1
1406,2024-02-28 14:00:00,1
1407,2024-02-28 15:00:00,2
1408,2024-02-28 16:00:00,3
1409,2024-02-28 17:00:00,2
1410,2024-02-28 18:00:00,2
1411,2024-02-28 19:00:00,3
1412,2024-02-28 20:00:00,2
1413,2024-02-28 21:00:00,1
1414,2024-02-28 22:00:00,2
1415,2024-02-28 23:00:00,1
1416,2024-02-29 00:00:00,2
1417,2024-02-29 01:00:00,3
1418,2024-02-29 02:00:00,2
1419,2024-02-29 03:00:00,2
1420,2024-02-29 04:00:00,1
1421,2024-02-29 05:00:00,2
1422,2024-02-29 06:00:00,1
1423,2024-02-29 07:00:00,2
1424,2024-02-29 08:00:00,3
1425,2024-02-29 09:00:00,2
1426,2024-02-29 10:00:00,2
1427,2024-02-29 11:00:00,2
1428,2024-02-29 12:00:00,2
1429,2024-02-29 13:00:00,2
1430,2024-02-29 14:00:00,2
1431,2024-02-29 15:00:00,3
1432,2024-02-29 16:00:00,2
1433,2024-02-29 17:00:00,2
1434,2024-02-29 18:00:00,2
1435,2024-02-29 19:00:00,3
1436,2024-02-29 20:00:00,2
1437,2024-02-29 21:00:00,2
1438,2024-02-29 22:00:00,2
1439,2024-02-29 23:00:00,2
1440,2024-03-01 00:00:00,1
1441,2024-03-01 01:00:00,2
1442,2024-03-01 02:00:00,2
1443,2024-03-01 03:00:00,2
1444,2024-03-01 04:00:00,1
1445,2024-03-01 05:00:00,2
1446,2024-03-01 06:00:00,1
1447,2024-03-01 07:00:00,2
1448,2024-03-01 08:00:00,2
1449,2024-03-01 09:00:00,1
1450,2024-03-01 10:00:00,2
1451,2024-03-01 11:00:00,2
1452,2024-03-01 12:00:00,1
1453,2024-03-01 13:00:00,2
1454,2024-03-01 14:00:00,2
1455,2024-03-01 15:00:00,2
1456,2024-03-01 16:00:00,2
1457,2024-03-01 17:00:00,2
1458,2024-03-01 18:00:00,1
1459,2024-03-01 19:00:00,2
1460,2024-03-01 20:00:00,1
1461,2024-03-01 21:00:00,1
1462,2024-03-01 22:00:00,2
1463,2024-03-01 23:00:00,2
1464,2024-03-02 00:00:00,2
1465,2024-03-02 01:00:00,2
1466,2024-03-02 02:00:00,2
1467,2024-03-02 03:00:00,1
1468,2024-03-02 04:00:00,1
1469,2024-03-02 05:00:00,2
1470,2024-03-02 06:00:00,1
1471,2024-03-02 07:00:00,2
1472,2024-03-02 08:00:00,1
1473,2024-03-02 09:00:00,2
1474,2024-03-02 10:00:00,2
1475,2024-03-02 11:00:00,2
1476,2024-03-02 12:00:00,1
1477,2024-03-02 13:00:00,2
1478,2024-03-02 14:00:00,2
1479,2024-03-02 15:00:00,2
1480,2024-03-02 16:00:00,2
1481,2024-03-02 17:00:00,2
1482,2024-03-02 18:00:00,2
1483,2024-03-02 19:00:00,2
1484,2024-03-02 20:00:00,2
1485,2024-03-02 21:00:00,1
1486,2024-03-02 22:00:00,2
1487,2024-03-02 23:00:00,1
1488,2024-03-03 00:00:00,1
1489,2024-03-03 01:00:00,1
1490,2024-03-03 02:00:00,2
1491,2024-03-03 03:00:00,2
1492,2024-03-03 04:00:00,1
1493,2024-03-03 05:00:00,2
1494,2024-03-03 06:00:00,2
1495,2024-03-03 07:00:00,2
1496,2024-03-03 08:00:00,2
1497,2024-03-03 09:00:00,1
1498,2024-03-03 10:00:00,1
1499,2024-03-03 11:00:00,1
1500,2024-03-03 12:00:00,1
1501,2024-03-03 13:00:00,2
1502,2024-03-03 14:00:00,2
1503,2024-03-03 15:00:00,1
1504,2024-03-03 16:00:00,1
1505,2024-03-03 17:00:00,2
1506,2024-03-03 18:00:00,2
1507,2024-03-03 19:00:00,2
1508,2024-03-03 20:00:00,1
1509,2024-03-03 21:00:00,1
1510,2024-03-03 22:00:00,2
1511,2024-03-03 23:00:00,1
1512,2024-03-04 00:00:00,1
1513,2024-03-04 01:00:00,2
1514,2024-03-04 02:00:00,2
1515,2024-03-04 03:00:00,1
1516,2024-03-04 04:00:00,2
1517,2024-03-04 05:00:00,2
1518,2024-03-04 06:00:00,1
1519,2024-03-04 07:00:00,1
1520,2024-03-04 08:00:00,1
1521,2024-03-04 09:00:00,2
1522,2024-03-04 10:00:00,2
1523,2024-03-04 11:00:00,2
1524,2024-03-04 12:00:00,2
1525,2024-03-04 13:00:00,1
1526,2024-03-04 14:00:00,1
1527,2024-03-04 15:00:00,2
1528,2024-03-04 16:00:00,2
1529,2024-03-04 17:00:00,3
1530,2024-03-04 18:00:00,0
1531,2024-03-04 19:00:00,1
1532,2024-03-04 20:00:00,2
1533,2024-03-04 21:00:00,3
1534,2024-03-04 22:00:00,1
1535,2024-03-04 23:00:00,3
1536,2024-03-05 00:00:00,3
1537,2024-03-05 01:00:00,1
1538,2024-03-05 02:00:00,3
1539,2024-03-05 03:00:00,2
1540,2024-03-05 04:00:00,3
1541,2024-03-05 05:00:00,2
1542,2024-03-05 06:00:00,2
1543,2024-03-05 07:00:00,2
1544,2024-03-05 08:00:00,2
1545,2024-03-05 09:00:00,2
1546,2024-03-05 10:00:00,3
1547,2024-03-05 11:00:00,2
1548,2024-03-05 12:00:00,1
1549,2024-03-05 13:00:00,2
1550,2024-03-05 14:00:00,1
1551,2024-03-05 15:00:00,3
1552,2024-03-05 16:00:00,2
1553,2024-03-05 17:00:00,3
1554,2024-03-05 18:00:00,2
1555,2024-03-05 19:00:00,3
1556,2024-03-05 20:00:00,2
1557,2024-03-05 21:00:00,2
1558,2024-03-05 22:00:00,2
1559,2024-03-05 23:00:00,2
1560,2024-03-06 00:00:00,2
1561,2024-03-06 01:00:00,2
1562,2024-03-06 02:00:00,2
1563,2024-03-06 03:00:00,1
1564,2024-03-06 04:00:00,1
1565,2024-03-06 05:00:00,1
1566,2024-03-06 06:00:00,2
1567,2024-03-06 07:00:00,1
1568,2024-03-06 08:00:00,1
1569,2024-03-06 09:00:00,2
1570,2024-03-06 10:00:00,3
1571,2024-03-06 11:00:00,2
1572,2024-03-06 12:00:00,2
1573,2024-03-06 13:00:00,3
1574,2024-03-06 14:00:00,3
1575,2024-03-06 15:00:00,2
1576,2024-03-06 16:00:00,3
1577,2024-03-06 17:00:00,0
1578,2024-03-06 18:00:00,0
1579,2024-03-06 19:00:00,2
1580,2024-03-06 20:00:00,2
1581,2024-03-06 21:00:00,2
1582,2024-03-06 22:00:00,2
1583,2024-03-06 23:00:00,2
1584,2024-03-07 00:00:00,2
1585,2024-03-07 01:00:00,2
1586,2024-03-07 02:00:00,2
1587,2024-03-07 03:00:00,2
1588,2024-03-07 04:00:00,2
1589,2024-03-07 05:00:00,2
1590,2024-03-07 06:00:00,2
1591,2024-03-07 07:00:00,1
1592,2024-03-07 08:00:00,2
1593,2024-03-07 09:00:00,2
1594,2024-03-07 10:00:00,2
1595,2024-03-07 11:00:00,1
1596,2024-03-07 12:00:00,2
1597,2024-03-07 13:00:00,2
1598,2024-03-07 14:00:00,2
1599,2024-03-07 15:00:00,2
1600,2024-03-07 16:00:00,2
1601,2024-03-07 17:00:00,2
1602,2024-03-07 18:00:00,2
1603,2024-03-07 19:00:00,2
1604,2024-03-07 20:00:00,2
1605,2024-03-07 21:00:00,2
1606,2024-03-07 22:00:00,2
1607,2024-03-07 23:00:00,2
1608,2024-03-08 00:00:00,2
1609,2024-03-08 01:00:00,2
1610,2024-03-08 02:00:00,1
1611,2024-03-08 03:00:00,1
1612,2024-03-08 04:00:00,2
1613,2024-03-08 05:00:00,1
1614,2024-03-08 06:00:00,1
1615,2024-03-08 07:00:00,2
1616,2024-03-08 08:00:00,2
1617,2024-03-08 09:00:00,1
1618,2024-03-08 10:00:00,1
1619,2024-03-08 11:00:00,1
1620,2024-03-08 12:00:00,1
1621,2024-03-08 13:00:00,2
1622,2024-03-08 14:00:00,2
1623,2024-03-08 15:00:00,1
1624,2024-03-08 16:00:00,2
1625,2024-03-08 17:00:00,2
1626,2024-03-08 18:00:00,2
1627,2024-03-08 19:00:00,2
1628,2024-03-08 20:00:00,1
1629,2024-03-08 21:00:00,2
1630,2024-03-08 22:00:00,2
1631,2024-03-08 23:00:00,1
1632,2024-03-09 00:00:00,2
1633,2024-03-09 01:00:00,2
1634,2024-03-09 02:00:00,1
1635,2024-03-09 03:00:00,2
1636,2024-03-09 04:00:00,1
1637,2024-03-09 05:00:00,2
1638,2024-03-09 06:00:00,1
1639,2024-03-09 07:00:00,2
1640,2024-03-09 08:00:00,2
1641,2024-03-09 09:00:00,2
1642,2024-03-09 10:00:00,2
1643,2024-03-09 11:00:00,1
1644,2024-03-09 12:00:00,1
1645,2024-03-09 13:00:00,2
1646,2024-03-09 14:00:00,2
1647,2024-03-09 15:00:00,2
1648,2024-03-09 16:00:00,2
1649,2024-03-09 17:00:00,2
1650,2024-03-09 18:00:00,1
1651,2024-03-09 19:00:00,1
1652,2024-03-09 20:00:00,1
1653,2024-03-09 21:00:00,1
1654,2024-03-09 22:00:00,1
1655,2024-03-09 23:00:00,2
1656,2024-03-10 00:00:00,1
1657,2024-03-10 01:00:00,1
1658,2024-03-10 02:00:00,1
1659,2024-03-10 03:00:00,2
1660,2024-03-10 04:00:00,1
1661,2024-03-10 05:00:00,2
1662,2024-03-10 06:00:00,2
1663,2024-03-10 07:00:00,1
1664,2024-03-10 08:00:00,1
1665,2024-03-10 09:00:00,1
1666,2024-03-10 10:00:00,1
1667,2024-03-10 11:00:00,2
1668,2024-03-10 12:00:00,2
1669,2024-03-10 13:00:00,2
1670,2024-03-10 14:00:00,2
1671,2024-03-10 15:00:00,2
1672,2024-03-10 16:00:00,1
1673,2024-03-10 17:00:00,1
1674,2024-03-10 18:00:00,2
1675,2024-03-10 19:00:00,2
1676,2024-03-10 20:00:00,1
1677,2024-03-10 21:00:00,2
1678,2024-03-10 22:00:00,2
1679,2024-03-10 23:00:00,1
1680,2024-03-11 00:00:00,2
1681,2024-03-11 01:00:00,2
1682,2024-03-11 02:00:00,2
1683,2024-03-11 03:00:00,1
1684,2024-03-11 04:00:00,2
1685,2024-03-11 05:00:00,1
1686,2024-03-11 06:00:00,1
1687,2024-03-11 07:00:00,1
1688,2024-03-11 08:00:00,2
1689,2024-03-11 09:00:00,1
1690,2024-03-11 10:00:00,1
1691,2024-03-11 11:00:00,1
1692,2024-03-11 12:00:00,1
1693,2024-03-11 13:00:00,1
1694,2024-03-11 14:00:00,2
1695,2024-03-11 15:00:00,3
1696,2024-03-11 16:00:00,3
1697,2024-03-11 17:00:00,1
1698,2024-03-11 18:00:00,2
1699,2024-03-11 19:00:00,2
1700,2024-03-11 20:00:00,2
1701,2024-03-11 21:00:00,1
1702,2024-03-11 22:00:00,2
1703,2024-03-11 23:00:00,2
1704,2024-03-12 00:00:00,2
1705,2024-03-12 01:00:00,2
1706,2024-03-12 02:00:00,2
1707,2024-03-12 03:00:00,2
1708,2024-03-12 04:00:00,2
1709,2024-03-12 05:00:00,2
1710,2024-03-12 06:00:00,2
1711,2024-03-12 07:00:00,2
1712,2024-03-12 08:00:00,2
1713,2024-03-12 09:00:00,2
1714,2024-03-12 10:00:00,2
1715,2024-03-12 11:00:00,2
1716,2024-03-12 12:00:00,2
1717,2024-03-12 13:00:00,2
1718,2024-03-12 14:00:00,2
1719,2024-03-12 15:00:00,2
1720,2024-03-12 16:00:00,2
1721,2024-03-12 17:00:00,2
1722,2024-03-12 18:00:00,1
1723,2024-03-12 19:00:00,2
1724,2024-03-12 20:00:00,2
1725,2024-03-12 21:00:00,2
1726,2024-03-12 22:00:00,1
1727,2024-03-12 23:00:00,1
1728,2024-03-13 00:00:00,1
1729,2024-03-13 01:00:00,1
1730,2024-03-13 02:00:00,1
1731,2024-03-13 03:00:00,1
1732,2024-03-13 04:00:00,1
1733,2024-03-13 05:00:00,2
1734,2024-03-13 06:00:00,1
1735,2024-03-13 07:00:00,1
1736,2024-03-13 08:00:00,2
1737,2024-03-13 09:00:00,2
1738,2024-03-13 10:00:00,2
1739,2024-03-13 11:00:00,2
1740,2024-03-13 12:00:00,2
1741,2024-03-13 13:00:00,2
1742,2024-03-13 14:00:00,1
1743,2024-03-13 15:00:00,2
1744,2024-03-13 16:00:00,2
1745,2024-03-13 17:00:00,2
1746,2024-03-13 18:00:00,2
1747,2024-03-13 19:00:00,2
1748,2024-03-13 20:00:00,1
1749,2024-03-13 21:00:00,1
1750,2024-03-13 22:00:00,2
1751,2024-03-13 23:00:00,1
1752,2024-03-14 00:00:00,2
1753,2024-03-14 01:00:00,2
1754,2024-03-14 02:00:00,2
1755,2024-03-14 03:00:00,2
1756,2024-03-14 04:00:00,2
1757,2024-03-14 05:00:00,2
1758,2024-03-14 06:00:00,1
1759,2024-03-14 07:00:00,2
1760,2024-03-14 08:00:00,2
1761,2024-03-14 09:00:00,2
1762,2024-03-14 10:00:00,2
1763,2024-03-14 11:00:00,2
1764,2024-03-14 12:00:00,2
1765,2024-03-14 13:00:00,2
1766,2024-03-14 14:00:00,2
1767,2024-03-14 15:00:00,2
1768,2024-03-14 16:00:00,2
1769,2024-03-14 17:00:00,2
1770,2024-03-14 18:00:00,2
1771,2024-03-14 19:00:00,2
1772,2024-03-14 20:00:00,2
1773,2024-03-14 21:00:00,1
1774,2024-03-14 22:00:00,1
1775,2024-03-14 23:00:00,1
1776,2024-03-15 00:00:00,1
1777,2024-03-15 01:00:00,2
1778,2024-03-15 02:00:00,2
1779,2024-03-15 03:00:00,2
1780,2024-03-15 04:00:00,2
1781,2024-03-15 05:00:00,2
1782,2024-03-15 06:00:00,2
1783,2024-03-15 07:00:00,2
1784,2024-03-15 08:00:00,2
1785,2024-03-15 09:00:00,2
1786,2024-03-15 10:00:00,3
1787,2024-03-15 11:00:00,2
1788,2024-03-15 12:00:00,2
1789,2024-03-15 13:00:00,2
1790,2024-03-15 14:00:00,2
1791,2024-03-15 15:00:00,2
1792,2024-03-15 16:00:00,2
1793,2024-03-15 17:00:00,2
1794,2024-03-15 18:00:00,1
1795,2024-03-15 19:00:00,2
1796,2024-03-15 20:00:00,1
1797,2024-03-15 21:00:00,2
1798,2024-03-15 22:00:00,1
1799,2024-03-15 23:00:00,1
1800,2024-03-16 00:00:00,2
1801,2024-03-16 01:00:00,2
1802,2024-03-16 02:00:00,0
1803,2024-03-16 03:00:00,1
1804,2024-03-16 04:00:00,2
1805,2024-03-16 05:00:00,2
1806,2024-03-16 06:00:00,2
1807,2024-03-16 07:00:00,1
1808,2024-03-16 08:00:00,2
1809,2024-03-16 09:00:00,2
1810,2024-03-16 10:00:00,2
1811,2024-03-16 11:00:00,2
1812,2024-03-16 12:00:00,2
1813,2024-03-16 13:00:00,2
1814,2024-03-16 14:00:00,2
1815,2024-03-16 15:00:00,1
1816,2024-03-16 16:00:00,2
1817,2024-03-16 17:00:00,2
1818,2024-03-16 18:00:00,2
1819,2024-03-16 19:00:00,2
1820,2024-03-16 20:00:00,2
1821,2024-03-16 21:00:00,2
1822,2024-03-16 22:00:00,2
1823,2024-03-16 23:00:00,2
1824,2024-03-17 00:00:00,2
1825,2024-03-17 01:00:00,2
1826,2024-03-17 02:00:00,1
1827,2024-03-17 03:00:00,2
1828,2024-03-17 04:00:00,1
1829,2024-03-17 05:00:00,2
1830,2024-03-17 06:00:00,2
1831,2024-03-17 07:00:00,2
1832,2024-03-17 08:00:00,1
1833,2024-03-17 09:00:00,2
1834,2024-03-17 10:00:00,2
1835,2024-03-17 11:00:00,2
1836,2024-03-17 12:00:00,2
1837,2024-03-17 13:00:00,1
1838,2024-03-17 14:00:00,2
1839,2024-03-17 15:00:00,2
1840,2024-03-17 16:00:00,2
1841,2024-03-17 17:00:00,1
1842,2024-03-17 18:00:00,1
1843,2024-03-17 19:00:00,1
1844,2024-03-17 20:00:00,2
1845,2024-03-17 21:00:00,1
1846,2024-03-17 22:00:00,2
1847,2024-03-17 23:00:00,1
1848,2024-03-18 00:00:00,2
1849,2024-03-18 01:00:00,2
1850,2024-03-18 02:00:00,2
1851,2024-03-18 03:00:00,2
1852,2024-03-18 04:00:00,0
1853,2024-03-18 05:00:00,1
1854,2024-03-18 06:00:00,2
1855,2024-03-18 07:00:00,2
1856,2024-03-18 08:00:00,2
1857,2024-03-18 09:00:00,2
1858,2024-03-18 10:00:00,2
1859,2024-03-18 11:00:00,2
1860,2024-03-18 12:00:00,1
1861,2024-03-18 13:00:00,2
1862,2024-03-18 14:00:00,2
1863,2024-03-18 15:00:00,2
1864,2024-03-18 16:00:00,2
1865,2024-03-18 17:00:00,2
1866,2024-03-18 18:00:00,2
1867,2024-03-18 19:00:00,2
1868,2024-03-18 20:00:00,1
1869,2024-03-18 21:00:00,1
1870,2024-03-18 22:00:00,2
1871,2024-03-18 23:00:00,1
1872,2024-03-19 00:00:00,2
1873,2024-03-19 01:00:00,2
1874,2024-03-19 02:00:00,2
1875,2024-03-19 03:00:00,2
1876,2024-03-19 04:00:00,2
1877,2024-03-19 05:00:00,2
1878,2024-03-19 06:00:00,2
1879,2024-03-19 07:00:00,2
1880,2024-03-19 08:00:00,2
1881,2024-03-19 09:00:00,1
1882,2024-03-19 10:00:00,2
1883,2024-03-19 11:00:00,1
1884,2024-03-19 12:00:00,2
1885,2024-03-19 13:00:00,2
1886,2024-03-19 14:00:00,2
1887,2024-03-19 15:00:00,3
1888,2024-03-19 16:00:00,1
1889,2024-03-19 17:00:00,2
1890,2024-03-19 18:00:00,3
1891,2024-03-19 19:00:00,2
1892,2024-03-19 20:00:00,2
1893,2024-03-19 21:00:00,2
1894,2024-03-19 22:00:00,3
1895,2024-03-19 23:00:00,2
1896,2024-03-20 00:00:00,2
1897,2024-03-20 01:00:00,2
1898,2024-03-20 02:00:00,1
1899,2024-03-20 03:00:00,2
1900,2024-03-20 04:00:00,3
1901,2024-03-20 05:00:00,2
1902,2024-03-20 06:00:00,3
1903,2024-03-20 07:00:00,1
1904,2024-03-20 08:00:00,1
1905,2024-03-20 09:00:00,2
1906,2024-03-20 10:00:00,2
1907,2024-03-20 11:00:00,1
1908,2024-03-20 12:00:00,2
1909,2024-03-20 13:00:00,2
1910,2024-03-20 14:00:00,2
1911,2024-03-20 15:00:00,2
1912,2024-03-20 16:00:00,2
1913,2024-03-20 17:00:00,2
1914,2024-03-20 18:00:00,1
1915,2024-03-20 19:00:00,2
1916,2024-03-20 20:00:00,2
1917,2024-03-20 21:00:00,3
1918,2024-03-20 22:00:00,0
1919,2024-03-20 23:00:00,1
1920,2024-03-21 00:00:00,2
1921,2024-03-21 01:00:00,1
1922,2024-03-21 02:00:00,2
1923,2024-03-21 03:00:00,2
1924,2024-03-21 04:00:00,2
1925,2024-03-21 05:00:00,2
1926,2024-03-21 06:00:00,2
1927,2024-03-21 07:00:00,2
1928,2024-03-21 08:00:00,1
1929,2024-03-21 09:00:00,2
1930,2024-03-21 10:00:00,2
1931,2024-03-21 11:00:00,2
1932,2024-03-21 12:00:00,1
1933,2024-03-21 13:00:00,2
1934,2024-03-21 14:00:00,2
1935,2024-03-21 15:00:00,2
1936,2024-03-21 16:00:00,2
1937,2024-03-21 17:00:00,2
1938,2024-03-21 18:00:00,2
1939,2024-03-21 19:00:00,2
1940,2024-03-21 20:00:00,2
1941,2024-03-21 21:00:00,2
1942,2024-03-21 22:00:00,2
1943,2024-03-21 23:00:00,2
1944,2024-03-22 00:00:00,2
1945,2024-03-22 01:00:00,2
1946,2024-03-22 02:00:00,2
1947,2024-03-22 03:00:00,2
1948,2024-03-22 04:00:00,2
1949,2024-03-22 05:00:00,1
1950,2024-03-22 06:00:00,2
1951,2024-03-22 07:00:00,2
1952,2024-03-22 08:00:00,2
1953,2024-03-22 09:00:00,2
1954,2024-03-22 10:00:00,2
1955,2024-03-22 11:00:00,2
1956,2024-03-22 12:00:00,2
1957,2024-03-22 13:00:00,2
1958,2024-03-22 14:00:00,2
1959,2024-03-22 15:00:00,3
1960,2024-03-22 16:00:00,3
1961,2024-03-22 17:00:00,2
1962,2024-03-22 18:00:00,2
1963,2024-03-22 19:00:00,1
1964,2024-03-22 20:00:00,2
1965,2024-03-22 21:00:00,2
1966,2024-03-22 22:00:00,2
1967,2024-03-22 23:00:00,1
1968,2024-03-23 00:00:00,2
1969,2024-03-23 01:00:00,1
1970,2024-03-23 02:00:00,2
1971,2024-03-23 03:00:00,2
1972,2024-03-23 04:00:00,1
1973,2024-03-23 05:00:00,2
1974,2024-03-23 06:00:00,1
1975,2024-03-23 07:00:00,1
1976,2024-03-23 08:00:00,2
1977,2024-03-23 09:00:00,2
1978,2024-03-23 10:00:00,2
1979,2024-03-23 11:00:00,1
1980,2024-03-23 12:00:00,1
1981,2024-03-23 13:00:00,2
1982,2024-03-23 14:00:00,1
1983,2024-03-23 15:00:00,2
1984,2024-03-23 16:00:00,1
1985,2024-03-23 17:00:00,1
1986,2024-03-23 18:00:00,2
1987,2024-03-23 19:00:00,2
1988,2024-03-23 20:00:00,2
1989,2024-03-23 21:00:00,2
1990,2024-03-23 22:00:00,2
1991,2024-03-23 23:00:00,2
1992,2024-03-24 00:00:00,2
1993,2024-03-24 01:00:00,1
1994,2024-03-24 02:00:00,2
1995,2024-03-24 03:00:00,2
1996,2024-03-24 04:00:00,1
1997,2024-03-24 05:00:00,2
1998,2024-03-24 06:00:00,2
1999,2024-03-24 07:00:00,1
2000,2024-03-24 08:00:00,1
2001,2024-03-24 09:00:00,2
2002,2024-03-24 10:00:00,1
2003,2024-03-24 11:00:00,1
2004,2024-03-24 12:00:00,1
2005,2024-03-24 13:00:00,2
2006,2024-03-24 14:00:00,1
2007,2024-03-24 15:00:00,2
2008,2024-03-24 16:00:00,2
2009,2024-03-24 17:00:00,2
2010,2024-03-24 18:00:00,1
2011,2024-03-24 19:00:00,2
2012,2024-03-24 20:00:00,2
2013,2024-03-24 21:00:00,1
2014,2024-03-24 22:00:00,1
2015,2024-03-24 23:00:00,1
2016,2024-03-25 00:00:00,2
2017,2024-03-25 01:00:00,2
2018,2024-03-25 02:00:00,1
2019,2024-03-25 03:00:00,1
2020,2024-03-25 04:00:00,2
2021,2024-03-25 05:00:00,2
2022,2024-03-25 06:00:00,2
2023,2024-03-25 07:00:00,2
2024,2024-03-25 08:00:00,2
2025,2024-03-25 09:00:00,2
2026,2024-03-25 10:00:00,2
2027,2024-03-25 11:00:00,2
2028,2024-03-25 12:00:00,2
2029,2024-03-25 13:00:00,1
2030,2024-03-25 14:00:00,1
2031,2024-03-25 15:00:00,1
2032,2024-03-25 16:00:00,1
2033,2024-03-25 17:00:00,0
2034,2024-03-25 18:00:00,1
2035,2024-03-25 19:00:00,2
2036,2024-03-25 20:00:00,1
2037,2024-03-25 21:00:00,2
2038,2024-03-25 22:00:00,2
2039,2024-03-25 23:00:00,2
2040,2024-03-26 00:00:00,2
2041,2024-03-26 01:00:00,1
2042,2024-03-26 02:00:00,1
2043,2024-03-26 03:00:00,2
2044,2024-03-26 04:00:00,1
2045,2024-03-26 05:00:00,2
2046,2024-03-26 06:00:00,1
2047,2024-03-26 07:00:00,1
2048,2024-03-26 08:00:00,2
2049,2024-03-26 09:00:00,1
2050,2024-03-26 10:00:00,2
2051,2024-03-26 11:00:00,2
2052,2024-03-26 12:00:00,2
2053,2024-03-26 13:00:00,2
2054,2024-03-26 14:00:00,2
2055,2024-03-26 15:00:00,2
2056,2024-03-26 16:00:00,2
2057,2024-03-26 17:00:00,2
2058,2024-03-26 18:00:00,2
2059,2024-03-26 19:00:00,2
2060,2024-03-26 20:00:00,2
2061,2024-03-26 21:00:00,1
2062,2024-03-26 22:00:00,2
2063,2024-03-26 23:00:00,1
2064,2024-03-27 00:00:00,1
2065,2024-03-27 01:00:00,2
2066,2024-03-27 02:00:00,1
2067,2024-03-27 03:00:00,1
2068,2024-03-27 04:00:00,2
2069,2024-03-27 05:00:00,1
2070,2024-03-27 06:00:00,1
2071,2024-03-27 07:00:00,2
2072,2024-03-27 08:00:00,2
2073,2024-03-27 09:00:00,1
2074,2024-03-27 10:00:00,2
2075,2024-03-27 11:00:00,2
2076,2024-03-27 12:00:00,2
2077,2024-03-27 13:00:00,3
2078,2024-03-27 14:00:00,2
2079,2024-03-27 15:00:00,2
2080,2024-03-27 16:00:00,2
2081,2024-03-27 17:00:00,2
2082,2024-03-27 18:00:00,2
2083,2024-03-27 19:00:00,2
2084,2024-03-27 20:00:00,2
2085,2024-03-27 21:00:00,2
2086,2024-03-27 22:00:00,1
2087,2024-03-27 23:00:00,2
2088,2024-03-28 00:00:00,2
2089,2024-03-28 01:00:00,1
2090,2024-03-28 02:00:00,2
2091,2024-03-28 03:00:00,2
2092,2024-03-28 04:00:00,1
2093,2024-03-28 05:00:00,2
2094,2024-03-28 06:00:00,1
2095,2024-03-28 07:00:00,2
2096,2024-03-28 08:00:00,1
2097,2024-03-28 09:00:00,1
2098,2024-03-28 10:00:00,1
2099,2024-03-28 11:00:00,2
2100,2024-03-28 12:00:00,2
2101,2024-03-28 13:00:00,1
2102,2024-03-28 14:00:00,1
2103,2024-03-28 15:00:00,2
2104,2024-03-28 16:00:00,2
2105,2024-03-28 17:00:00,2
2106,2024-03-28 18:00:00,2
2107,2024-03-28 19:00:00,1
2108,2024-03-28 20:00:00,2
2109,2024-03-28 21:00:00,2
2110,2024-03-28 22:00:00,2
2111,2024-03-28 23:00:00,1
2112,2024-03-29 00:00:00,1
2113,2024-03-29 01:00:00,1
2114,2024-03-29 02:00:00,2
2115,2024-03-29 03:00:00,2
2116,2024-03-29 04:00:00,2
2117,2024-03-29 05:00:00,2
2118,2024-03-29 06:00:00,2
2119,2024-03-29 07:00:00,2
2120,2024-03-29 08:00:00,2
2121,2024-03-29 09:00:00,2
2122,2024-03-29 10:00:00,1
2123,2024-03-29 11:00:00,1
2124,2024-03-29 12:00:00,2
2125,2024-03-29 13:00:00,1
2126,2024-03-29 14:00:00,2
2127,2024-03-29 15:00:00,2
2128,2024-03-29 16:00:00,2
2129,2024-03-29 17:00:00,2
2130,2024-03-29 18:00:00,1
2131,2024-03-29 19:00:00,1
2132,2024-03-29 20:00:00,2
2133,2024-03-29 21:00:00,2
2134,2024-03-29 22:00:00,1
2135,2024-03-29 23:00:00,1
2136,2024-03-30 00:00:00,2
2137,2024-03-30 01:00:00,1
2138,2024-03-30 02:00:00,1
2139,2024-03-30 03:00:00,2
2140,2024-03-30 04:00:00,1
2141,2024-03-30 05:00:00,2
2142,2024-03-30 06:00:00,1
2143,2024-03-30 07:00:00,2
2144,2024-03-30 08:00:00,2
2145,2024-03-30 09:00:00,2
2146,2024-03-30 10:00:00,2
2147,2024-03-30 11:00:00,2
2148,2024-03-30 12:00:00,2
2149,2024-03-30 13:00:00,2
2150,2024-03-30 14:00:00,1
2151,2024-03-30 15:00:00,2
2152,2024-03-30 16:00:00,1
2153,2024-03-30 17:00:00,2
2154,2024-03-30 18:00:00,2
2155,2024-03-30 19:00:00,2
2156,2024-03-30 20:00:00,2
2157,2024-03-30 21:00:00,2
2158,2024-03-30 22:00:00,1
2159,2024-03-30 23:00:00,1
2160,2024-03-31 00:00:00,1
2161,2024-03-31 01:00:00,1
2162,2024-03-31 02:00:00,2
2163,2024-03-31 03:00:00,1
2164,2024-03-31 04:00:00,1
2165,2024-03-31 05:00:00,1
2166,2024-03-31 06:00:00,2
2167,2024-03-31 07:00:00,1
2168,2024-03-31 08:00:00,1
2169,2024-03-31 09:00:00,1
2170,2024-03-31 10:00:00,2
2171,2024-03-31 11:00:00,1
2172,2024-03-31 12:00:00,2
2173,2024-03-31 13:00:00,2
2174,2024-03-31 14:00:00,1
2175,2024-03-31 15:00:00,2
2176,2024-03-31 16:00:00,2
2177,2024-03-31 17:00:00,2
2178,2024-03-31 18:00:00,1
2179,2024-03-31 19:00:00,2
2180,2024-03-31 20:00:00,2
2181,2024-03-31 21:00:00,1
2182,2024-03-31 22:00:00,1
2183,2024-03-31 23:00:00,1
2184,2024-04-01 00:00:00,1
2185,2024-04-01 01:00:00,2
2186,2024-04-01 02:00:00,2
2187,2024-04-01 03:00:00,2
2188,2024-04-01 04:00:00,2
2189,2024-04-01 05:00:00,2
2190,2024-04-01 06:00:00,1
2191,2024-04-01 07:00:00,1
2192,2024-04-01 08:00:00,2
2193,2024-04-01 09:00:00,2
2194,2024-04-01 10:00:00,2
2195,2024-04-01 11:00:00,1
2196,2024-04-01 12:00:00,1
2197,2024-04-01 13:00:00,2
2198,2024-04-01 14:00:00,1
2199,2024-04-01 15:00:00,2
2200,2024-04-01 16:00:00,1
2201,2024-04-01 17:00:00,2
2202,2024-04-01 18:00:00,2
2203,2024-04-01 19:00:00,1
2204,2024-04-01 20:00:00,2
2205,2024-04-01 21:00:00,2
2206,2024-04-01 22:00:00,1
2207,2024-04-01 23:00:00,2
2208,2024-04-02 00:00:00,2
2209,2024-04-02 01:00:00,1
2210,2024-04-02 02:00:00,2
2211,2024-04-02 03:00:00,1
2212,2024-04-02 04:00:00,2
2213,2024-04-02 05:00:00,2
2214,2024-04-02 06:00:00,2
2215,2024-04-02 07:00:00,2
2216,2024-04-02 08:00:00,2
2217,2024-04-02 09:00:00,2
2218,2024-04-02 10:00:00,2
2219,2024-04-02 11:00:00,2
2220,2024-04-02 12:00:00,2
2221,2024-04-02 13:00:00,2
2222,2024-04-02 14:00:00,1
2223,2024-04-02 15:00:00,2
2224,2024-04-02 16:00:00,2
2225,2024-04-02 17:00:00,1
2226,2024-04-02 18:00:00,2
2227,2024-04-02 19:00:00,1
2228,2024-04-02 20:00:00,2
2229,2024-04-02 21:00:00,2
2230,2024-04-02 22:00:00,1
2231,2024-04-02 23:00:00,2
2232,2024-04-03 00:00:00,1
2233,2024-04-03 01:00:00,1
2234,2024-04-03 02:00:00,2
2235,2024-04-03 03:00:00,2
2236,2024-04-03 04:00:00,1
2237,2024-04-03 05:00:00,2
2238,2024-04-03 06:00:00,1
2239,2024-04-03 07:00:00,2
2240,2024-04-03 08:00:00,2
2241,2024-04-03 09:00:00,2
2242,2024-04-03 10:00:00,2
2243,2024-04-03 11:00:00,2
2244,2024-04-03 12:00:00,2
2245,2024-04-03 13:00:00,2
2246,2024-04-03 14:00:00,1
2247,2024-04-03 15:00:00,2
2248,2024-04-03 16:00:00,2
2249,2024-04-03 17:00:00,2
2250,2024-04-03 18:00:00,2
2251,2024-04-03 19:00:00,2
2252,2024-04-03 20:00:00,2
2253,2024-04-03 21:00:00,2
2254,2024-04-03 22:00:00,1
2255,2024-04-03 23:00:00,2
2256,2024-04-04 00:00:00,1
2257,2024-04-04 01:00:00,2
2258,2024-04-04 02:00:00,2
2259,2024-04-04 03:00:00,1
2260,2024-04-04 04:00:00,2
2261,2024-04-04 05:00:00,2
2262,2024-04-04 06:00:00,1
2263,2024-04-04 07:00:00,1
2264,2024-04-04 08:00:00,1
2265,2024-04-04 09:00:00,1
2266,2024-04-04 10:00:00,1
2267,2024-04-04 11:00:00,1
2268,2024-04-04 12:00:00,1
2269,2024-04-04 13:00:00,1
2270,2024-04-04 14:00:00,1
2271,2024-04-04 15:00:00,2
2272,2024-04-04 16:00:00,1
2273,2024-04-04 17:00:00,1
2274,2024-04-04 18:00:00,1
2275,2024-04-04 19:00:00,2
2276,2024-04-04 20:00:00,1
2277,2024-04-04 21:00:00,2
2278,2024-04-04 22:00:00,1
2279,2024-04-04 23:00:00,1
2280,2024-04-05 00:00:00,2
2281,2024-04-05 01:00:00,2
2282,2024-04-05 02:00:00,2
2283,2024-04-05 03:00:00,1
2284,2024-04-05 04:00:00,2
2285,2024-04-05 05:00:00,1
2286,2024-04-05 06:00:00,1
2287,2024-04-05 07:00:00,2
2288,2024-04-05 08:00:00,1
2289,2024-04-05 09:00:00,2
2290,2024-04-05 10:00:00,1
2291,2024-04-05 11:00:00,2
2292,2024-04-05 12:00:00,1
2293,2024-04-05 13:00:00,2
2294,2024-04-05 14:00:00,1
2295,2024-04-05 15:00:00,1
2296,2024-04-05 16:00:00,2
2297,2024-04-05 17:00:00,2
2298,2024-04-05 18:00:00,1
2299,2024-04-05 19:00:00,2
2300,2024-04-05 20:00:00,1
2301,2024-04-05 21:00:00,1
2302,2024-04-05 22:00:00,1
2303,2024-04-05 23:00:00,1
2304,2024-04-06 00:00:00,2
2305,2024-04-06 01:00:00,2
2306,2024-04-06 02:00:00,2
2307,2024-04-06 03:00:00,1
2308,2024-04-06 04:00:00,2
2309,2024-04-06 05:00:00,1
2310,2024-04-06 06:00:00,2
2311,2024-04-06 07:00:00,2
2312,2024-04-06 08:00:00,2
2313,2024-04-06 09:00:00,2
2314,2024-04-06 10:00:00,2
2315,2024-04-06 11:00:00,2
2316,2024-04-06 12:00:00,2
2317,2024-04-06 13:00:00,2
2318,2024-04-06 14:00:00,1
2319,2024-04-06 15:00:00,1
2320,2024-04-06 16:00:00,1
2321,2024-04-06 17:00:00,1
2322,2024-04-06 18:00:00,1
2323,2024-04-06 19:00:00,2
2324,2024-04-06 20:00:00,1
2325,2024-04-06 21:00:00,2
2326,2024-04-06 22:00:00,1
2327,2024-04-06 23:00:00,2
2328,2024-04-07 00:00:00,1
2329,2024-04-07 01:00:00,1
2330,2024-04-07 02:00:00,2
2331,2024-04-07 03:00:00,1
2332,2024-04-07 04:00:00,2
2333,2024-04-07 05:00:00,1
2334,2024-04-07 06:00:00,2
2335,2024-04-07 07:00:00,2
2336,2024-04-07 08:00:00,1
2337,2024-04-07 09:00:00,1
2338,2024-04-07 10:00:00,2
2339,2024-04-07 11:00:00,2
2340,2024-04-07 12:00:00,1
2341,2024-04-07 13:00:00,1
2342,2024-04-07 14:00:00,1
2343,2024-04-07 15:00:00,2
2344,2024-04-07 16:00:00,1
2345,2024-04-07 17:00:00,2
2346,2024-04-07 18:00:00,2
2347,2024-04-07 19:00:00,2
2348,2024-04-07 20:00:00,1
2349,2024-04-07 21:00:00,2
2350,2024-04-07 22:00:00,2
2351,2024-04-07 23:00:00,2
2352,2024-04-08 00:00:00,2
2353,2024-04-08 01:00:00,2
2354,2024-04-08 02:00:00,2
2355,2024-04-08 03:00:00,2
2356,2024-04-08 04:00:00,1
2357,2024-04-08 05:00:00,1
2358,2024-04-08 06:00:00,2
2359,2024-04-08 07:00:00,1
2360,2024-04-08 08:00:00,1
2361,2024-04-08 09:00:00,1
2362,2024-04-08 10:00:00,1
2363,2024-04-08 11:00:00,2
2364,2024-04-08 12:00:00,2
2365,2024-04-08 13:00:00,2
2366,2024-04-08 14:00:00,2
2367,2024-04-08 15:00:00,2
2368,2024-04-08 16:00:00,2
2369,2024-04-08 17:00:00,2
2370,2024-04-08 18:00:00,2
2371,2024-04-08 19:00:00,2
2372,2024-04-08 20:00:00,2
2373,2024-04-08 21:00:00,1
2374,2024-04-08 22:00:00,1
2375,2024-04-08 23:00:00,2
2376,2024-04-09 00:00:00,2
2377,2024-04-09 01:00:00,2
2378,2024-04-09 02:00:00,1
2379,2024-04-09 03:00:00,2
2380,2024-04-09 04:00:00,2
2381,2024-04-09 05:00:00,2
2382,2024-04-09 06:00:00,2
2383,2024-04-09 07:00:00,2
2384,2024-04-09 08:00:00,2
2385,2024-04-09 09:00:00,2
2386,2024-04-09 10:00:00,2
2387,2024-04-09 11:00:00,1
2388,2024-04-09 12:00:00,1
2389,2024-04-09 13:00:00,2
2390,2024-04-09 14:00:00,2
2391,2024-04-09 15:00:00,2
2392,2024-04-09 16:00:00,2
2393,2024-04-09 17:00:00,2
2394,2024-04-09 18:00:00,2
2395,2024-04-09 19:00:00,2
2396,2024-04-09 20:00:00,2
2397,2024-04-09 21:00:00,1
2398,2024-04-09 22:00:00,1
2399,2024-04-09 23:00:00,2
2400,2024-04-10 00:00:00,2
2401,2024-04-10 01:00:00,2
2402,2024-04-10 02:00:00,2
2403,2024-04-10 03:00:00,1
2404,2024-04-10 04:00:00,2
2405,2024-04-10 05:00:00,2
2406,2024-04-10 06:00:00,1
2407,2024-04-10 07:00:00,1
2408,2024-04-10 08:00:00,2
2409,2024-04-10 09:00:00,2
2410,2024-04-10 10:00:00,2
2411,2024-04-10 11:00:00,2
2412,2024-04-10 12:00:00,0
2413,2024-04-10 13:00:00,2
2414,2024-04-10 14:00:00,2
2415,2024-04-10 15:00:00,2
2416,2024-04-10 16:00:00,1
2417,2024-04-10 17:00:00,1
2418,2024-04-10 18:00:00,2
2419,2024-04-10 19:00:00,1
2420,2024-04-10 20:00:00,1
2421,2024-04-10 21:00:00,1
2422,2024-04-10 22:00:00,1
2423,2024-04-10 23:00:00,1
2424,2024-04-11 00:00:00,2
2425,2024-04-11 01:00:00,2
2426,2024-04-11 02:00:00,2
2427,2024-04-11 03:00:00,2
2428,2024-04-11 04:00:00,2
2429,2024-04-11 05:00:00,2
2430,2024-04-11 06:00:00,1
2431,2024-04-11 07:00:00,2
2432,2024-04-11 08:00:00,2
2433,2024-04-11 09:00:00,2
2434,2024-04-11 10:00:00,2
2435,2024-04-11 11:00:00,2
2436,2024-04-11 12:00:00,1
2437,2024-04-11 13:00:00,2
2438,2024-04-11 14:00:00,2
2439,2024-04-11 15:00:00,2
2440,2024-04-11 16:00:00,1
2441,2024-04-11 17:00:00,1
2442,2024-04-11 18:00:00,1
2443,2024-04-11 19:00:00,1
2444,2024-04-11 20:00:00,1
2445,2024-04-11 21:00:00,2
2446,2024-04-11 22:00:00,2
2447,2024-04-11 23:00:00,2
2448,2024-04-12 00:00:00,1
2449,2024-04-12 01:00:00,2
2450,2024-04-12 02:00:00,1
2451,2024-04-12 03:00:00,1
2452,2024-04-12 04:00:00,1
2453,2024-04-12 05:00:00,2
2454,2024-04-12 06:00:00,2
2455,2024-04-12 07:00:00,2
2456,2024-04-12 08:00:00,1
2457,2024-04-12 09:00:00,2
2458,2024-04-12 10:00:00,1
2459,2024-04-12 11:00:00,1
2460,2024-04-12 12:00:00,2
2461,2024-04-12 13:00:00,2
2462,2024-04-12 14:00:00,2
2463,2024-04-12 15:00:00,2
2464,2024-04-12 16:00:00,2
2465,2024-04-12 17:00:00,2
2466,2024-04-12 18:00:00,2
2467,2024-04-12 19:00:00,3
2468,2024-04-12 20:00:00,2
2469,2024-04-12 21:00:00,2
2470,2024-04-12 22:00:00,1
2471,2024-04-12 23:00:00,2
2472,2024-04-13 00:00:00,2
2473,2024-04-13 01:00:00,2
2474,2024-04-13 02:00:00,2
2475,2024-04-13 03:00:00,1
2476,2024-04-13 04:00:00,2
2477,2024-04-13 05:00:00,2
2478,2024-04-13 06:00:00,2
2479,2024-04-13 07:00:00,2
2480,2024-04-13 08:00:00,2
2481,2024-04-13 09:00:00,2
2482,2024-04-13 10:00:00,2
2483,2024-04-13 11:00:00,1
2484,2024-04-13 12:00:00,1
2485,2024-04-13 13:00:00,2
2486,2024-04-13 14:00:00,2
2487,2024-04-13 15:00:00,1
2488,2024-04-13 16:00:00,2
2489,2024-04-13 17:00:00,1
2490,2024-04-13 18:00:00,2
2491,2024-04-13 19:00:00,2
2492,2024-04-13 20:00:00,2
2493,2024-04-13 21:00:00,0
2494,2024-04-13 22:00:00,1
2495,2024-04-13 23:00:00,2
2496,2024-04-14 00:00:00,2
2497,2024-04-14 01:00:00,2
2498,2024-04-14 02:00:00,2
2499,2024-04-14 03:00:00,2
2500,2024-04-14 04:00:00,1
2501,2024-04-14 05:00:00,2
2502,2024-04-14 06:00:00,1
2503,2024-04-14 07:00:00,2
2504,2024-04-14 08:00:00,2
2505,2024-04-14 09:00:00,2
2506,2024-04-14 10:00:00,1
2507,2024-04-14 11:00:00,2
2508,2024-04-14 12:00:00,1
2509,2024-04-14 13:00:00,1
2510,2024-04-14 14:00:00,1
2511,2024-04-14 15:00:00,2
2512,2024-04-14 16:00:00,1
2513,2024-04-14 17:00:00,2
2514,2024-04-14 18:00:00,1
2515,2024-04-14 19:00:00,2
2516,2024-04-14 20:00:00,2
2517,2024-04-14 21:00:00,2
2518,2024-04-14 22:00:00,2
2519,2024-04-14 23:00:00,1
2520,2024-04-15 00:00:00,2
2521,2024-04-15 01:00:00,2
2522,2024-04-15 02:00:00,2
2523,2024-04-15 03:00:00,1
2524,2024-04-15 04:00:00,2
2525,2024-04-15 05:00:00,1
2526,2024-04-15 06:00:00,1
2527,2024-04-15 07:00:00,2
2528,2024-04-15 08:00:00,2
2529,2024-04-15 09:00:00,1
2530,2024-04-15 10:00:00,2
2531,2024-04-15 11:00:00,2
2532,2024-04-15 12:00:00,1
2533,2024-04-15 13:00:00,2
2534,2024-04-15 14:00:00,2
2535,2024-04-15 15:00:00,2
2536,2024-04-15 16:00:00,2
2537,2024-04-15 17:00:00,2
2538,2024-04-15 18:00:00,2
2539,2024-04-15 19:00:00,3
2540,2024-04-15 20:00:00,2
2541,2024-04-15 21:00:00,2
2542,2024-04-15 22:00:00,2
2543,2024-04-15 23:00:00,1
2544,2024-04-16 00:00:00,2
2545,2024-04-16 01:00:00,2
2546,2024-04-16 02:00:00,2
2547,2024-04-16 03:00:00,2
2548,2024-04-16 04:00:00,2
2549,2024-04-16 05:00:00,2
2550,2024-04-16 06:00:00,2
2551,2024-04-16 07:00:00,2
2552,2024-04-16 08:00:00,2
2553,2024-04-16 09:00:00,1
2554,2024-04-16 10:00:00,2
2555,2024-04-16 11:00:00,2
2556,2024-04-16 12:00:00,2
2557,2024-04-16 13:00:00,2
2558,2024-04-16 14:00:00,2
2559,2024-04-16 15:00:00,2
2560,2024-04-16 16:00:00,1
2561,2024-04-16 17:00:00,2
2562,2024-04-16 18:00:00,2
2563,2024-04-16 19:00:00,2
2564,2024-04-16 20:00:00,1
2565,2024-04-16 21:00:00,1
2566,2024-04-16 22:00:00,2
2567,2024-04-16 23:00:00,2
2568,2024-04-17 00:00:00,1
2569,2024-04-17 01:00:00,1
2570,2024-04-17 02:00:00,2
2571,2024-04-17 03:00:00,2
2572,2024-04-17 04:00:00,1
2573,2024-04-17 05:00:00,1
2574,2024-04-17 06:00:00,2
2575,2024-04-17 07:00:00,2
2576,2024-04-17 08:00:00,2
2577,2024-04-17 09:00:00,1
2578,2024-04-17 10:00:00,2
2579,2024-04-17 11:00:00,2
2580,2024-04-17 12:00:00,2
2581,2024-04-17 13:00:00,1
2582,2024-04-17 14:00:00,2
2583,2024-04-17 15:00:00,3
2584,2024-04-17 16:00:00,2
2585,2024-04-17 17:00:00,1
2586,2024-04-17 18:00:00,1
2587,2024-04-17 19:00:00,2
2588,2024-04-17 20:00:00,2
2589,2024-04-17 21:00:00,2
2590,2024-04-17 22:00:00,1
2591,2024-04-17 23:00:00,2
2592,2024-04-18 00:00:00,1
2593,2024-04-18 01:00:00,1
2594,2024-04-18 02:00:00,2
2595,2024-04-18 03:00:00,2
2596,2024-04-18 04:00:00,2
2597,2024-04-18 05:00:00,2
2598,2024-04-18 06:00:00,2
2599,2024-04-18 07:00:00,1
2600,2024-04-18 08:00:00,2
2601,2024-04-18 09:00:00,1
2602,2024-04-18 10:00:00,1
2603,2024-04-18 11:00:00,1
2604,2024-04-18 12:00:00,2
2605,2024-04-18 13:00:00,2
2606,2024-04-18 14:00:00,1
2607,2024-04-18 15:00:00,2
2608,2024-04-18 16:00:00,2
2609,2024-04-18 17:00:00,2
2610,2024-04-18 18:00:00,2
2611,2024-04-18 19:00:00,2
2612,2024-04-18 20:00:00,2
2613,2024-04-18 21:00:00,2
2614,2024-04-18 22:00:00,1
2615,2024-04-18 23:00:00,2
2616,2024-04-19 00:00:00,2
2617,2024-04-19 01:00:00,2
2618,2024-04-19 02:00:00,3
2619,2024-04-19 03:00:00,2
2620,2024-04-19 04:00:00,1
2621,2024-04-19 05:00:00,1
2622,2024-04-19 06:00:00,1
2623,2024-04-19 07:00:00,1
2624,2024-04-19 08:00:00,1
2625,2024-04-19 09:00:00,1
2626,2024-04-19 10:00:00,1
2627,2024-04-19 11:00:00,1
2628,2024-04-19 12:00:00,1
2629,2024-04-19 13:00:00,0
2630,2024-04-19 14:00:00,1
2631,2024-04-19 15:00:00,1
2632,2024-04-19 16:00:00,2
2633,2024-04-19 17:00:00,0
2634,2024-04-19 18:00:00,2
2635,2024-04-19 19:00:00,2
2636,2024-04-19 20:00:00,2
2637,2024-04-19 21:00:00,1
2638,2024-04-19 22:00:00,2
2639,2024-04-19 23:00:00,2
2640,2024-04-20 00:00:00,2
2641,2024-04-20 01:00:00,1
2642,2024-04-20 02:00:00,1
2643,2024-04-20 03:00:00,2
2644,2024-04-20 04:00:00,1
2645,2024-04-20 05:00:00,1
2646,2024-04-20 06:00:00,1
2647,2024-04-20 07:00:00,2
2648,2024-04-20 08:00:00,1
2649,2024-04-20 09:00:00,1
2650,2024-04-20 10:00:00,1
2651,2024-04-20 11:00:00,2
2652,2024-04-20 12:00:00,1
2653,2024-04-20 13:00:00,1
2654,2024-04-20 14:00:00,1
2655,2024-04-20 15:00:00,1
2656,2024-04-20 16:00:00,1
2657,2024-04-20 17:00:00,1
2658,2024-04-20 18:00:00,1
2659,2024-04-20 19:00:00,2
2660,2024-04-20 20:00:00,2
2661,2024-04-20 21:00:00,1
2662,2024-04-20 22:00:00,1
2663,2024-04-20 23:00:00,1
2664,2024-04-21 00:00:00,2
2665,2024-04-21 01:00:00,1
2666,2024-04-21 02:00:00,1
2667,2024-04-21 03:00:00,1
2668,2024-04-21 04:00:00,1
2669,2024-04-21 05:00:00,2
2670,2024-04-21 06:00:00,1
2671,2024-04-21 07:00:00,1
2672,2024-04-21 08:00:00,2
2673,2024-04-21 09:00:00,2
2674,2024-04-21 10:00:00,1
2675,2024-04-21 11:00:00,1
2676,2024-04-21 12:00:00,1
2677,2024-04-21 13:00:00,1
2678,2024-04-21 14:00:00,2
2679,2024-04-21 15:00:00,1
2680,2024-04-21 16:00:00,2
2681,2024-04-21 17:00:00,1
2682,2024-04-21 18:00:00,2
2683,2024-04-21 19:00:00,2
2684,2024-04-21 20:00:00,2
2685,2024-04-21 21:00:00,1
2686,2024-04-21 22:00:00,1
2687,2024-04-21 23:00:00,2
2688,2024-04-22 00:00:00,2
2689,2024-04-22 01:00:00,1
2690,2024-04-22 02:00:00,1
2691,2024-04-22 03:00:00,1
2692,2024-04-22 04:00:00,2
2693,2024-04-22 05:00:00,1
2694,2024-04-22 06:00:00,2
2695,2024-04-22 07:00:00,2
2696,2024-04-22 08:00:00,2
2697,2024-04-22 09:00:00,2
2698,2024-04-22 10:00:00,1
2699,2024-04-22 11:00:00,2
2700,2024-04-22 12:00:00,2
2701,2024-04-22 13:00:00,2
2702,2024-04-22 14:00:00,2
2703,2024-04-22 15:00:00,2
2704,2024-04-22 16:00:00,2
2705,2024-04-22 17:00:00,1
2706,2024-04-22 18:00:00,1
2707,2024-04-22 19:00:00,1
2708,2024-04-22 20:00:00,1
2709,2024-04-22 21:00:00,1
2710,2024-04-22 22:00:00,1
2711,2024-04-22 23:00:00,2
2712,2024-04-23 00:00:00,1
2713,2024-04-23 01:00:00,1
2714,2024-04-23 02:00:00,2
2715,2024-04-23 03:00:00,2
2716,2024-04-23 04:00:00,2
2717,2024-04-23 05:00:00,1
2718,2024-04-23 06:00:00,2
2719,2024-04-23 07:00:00,2
2720,2024-04-23 08:00:00,2
2721,2024-04-23 09:00:00,2
2722,2024-04-23 10:00:00,1
2723,2024-04-23 11:00:00,2
2724,2024-04-23 12:00:00,1
2725,2024-04-23 13:00:00,1
2726,2024-04-23 14:00:00,1
2727,2024-04-23 15:00:00,2
2728,2024-04-23 16:00:00,1
2729,2024-04-23 17:00:00,2
2730,2024-04-23 18:00:00,2
2731,2024-04-23 19:00:00,1
2732,2024-04-23 20:00:00,2
2733,2024-04-23 21:00:00,2
2734,2024-04-23 22:00:00,1
2735,2024-04-23 23:00:00,2
2736,2024-04-24 00:00:00,1
2737,2024-04-24 01:00:00,2
2738,2024-04-24 02:00:00,2
2739,2024-04-24 03:00:00,1
2740,2024-04-24 04:00:00,1
2741,2024-04-24 05:00:00,1
2742,2024-04-24 06:00:00,2
2743,2024-04-24 07:00:00,1
2744,2024-04-24 08:00:00,1
2745,2024-04-24 09:00:00,2
2746,2024-04-24 10:00:00,1
2747,2024-04-24 11:00:00,1
2748,2024-04-24 12:00:00,1
2749,2024-04-24 13:00:00,2
2750,2024-04-24 14:00:00,2
2751,2024-04-24 15:00:00,2
2752,2024-04-24 16:00:00,1
2753,2024-04-24 17:00:00,2
2754,2024-04-24 18:00:00,2
2755,2024-04-24 19:00:00,2
2756,2024-04-24 20:00:00,2
2757,2024-04-24 21:00:00,2
2758,2024-04-24 22:00:00,2
2759,2024-04-24 23:00:00,2
2760,2024-04-25 00:00:00,1
2761,2024-04-25 01:00:00,2
2762,2024-04-25 02:00:00,1
2763,2024-04-25 03:00:00,1
2764,2024-04-25 04:00:00,2
2765,2024-04-25 05:00:00,1
2766,2024-04-25 06:00:00,1
2767,2024-04-25 07:00:00,1
2768,2024-04-25 08:00:00,2
2769,2024-04-25 09:00:00,1
2770,2024-04-25 10:00:00,2
2771,2024-04-25 11:00:00,1
2772,2024-04-25 12:00:00,1
2773,2024-04-25 13:00:00,2
2774,2024-04-25 14:00:00,1
2775,2024-04-25 15:00:00,1
2776,2024-04-25 16:00:00,1
2777,2024-04-25 17:00:00,1
2778,2024-04-25 18:00:00,1
2779,2024-04-25 19:00:00,1
2780,2024-04-25 20:00:00,1
2781,2024-04-25 21:00:00,1
2782,2024-04-25 22:00:00,1
2783,2024-04-25 23:00:00,1
2784,2024-04-26 00:00:00,1
2785,2024-04-26 01:00:00,1
2786,2024-04-26 02:00:00,2
2787,2024-04-26 03:00:00,2
2788,2024-04-26 04:00:00,2
2789,2024-04-26 05:00:00,2
2790,2024-04-26 06:00:00,1
2791,2024-04-26 07:00:00,2
